/* Database Systems, Group 12 /
/ Type of SQL : MySQL /
/ Be sure to name the schema USAPLCP */

DROP DATABASE IF EXISTS USAPLCP;
CREATE DATABASE USAPLCP;
USE USAPLCP;

DROP TABLE IF EXISTS COMPETITION_LOG;
DROP TABLE IF EXISTS CATEGORY;
DROP TABLE IF EXISTS COMPETITION;
DROP TABLE IF EXISTS VENUE;
DROP TABLE IF EXISTS TEAM;
DROP TABLE IF EXISTS LIFT;
DROP TABLE IF EXISTS LIFTER;

CREATE TABLE CATEGORY (
	CAT_ID INT PRIMARY KEY,
	CAT_NAME VARCHAR(100) NOT NULL,
	CAT_GENDER VARCHAR(1) NOT NULL,
	CAT_EXPERIENCE_MIN INT NOT NULL,
	CAT_EXPERIENCE_MAX INT NOT NULL
);

CREATE TABLE VENUE (
	VEN_ID INT PRIMARY KEY,
	VEN_NAME VARCHAR(100) NOT NULL,
	VEN_STREET_NUMBER INT NOT NULL,
	VEN_STREET_NAME VARCHAR(100) NOT NULL,
	VEN_CITY_NAME VARCHAR(100) NOT NULL,
	VEN_STATE_NAME VARCHAR(2) NOT NULL,
	VEN_ZIP_CODE INT NOT NULL
);

CREATE TABLE COMPETITION (
	COMPETITION_ID INT PRIMARY KEY,
	VEN_ID INT,
	COMPETITION_DATE DATE NOT NULL,
	COMPETITION_NAME VARCHAR(100) NOT NULL,
	COMPETITION_DRUG_STATUS ENUM('tested', 'untested') NOT NULL,
	FOREIGN KEY(VEN_ID) REFERENCES VENUE(VEN_ID)
);

CREATE TABLE TEAM (
	TEAM_ID INT PRIMARY KEY,
	TEAM_NAME VARCHAR(100) NOT NULL
);

CREATE TABLE LIFTER (
	LIFTER_ID INT PRIMARY KEY,
	TEAM_ID INT DEFAULT NULL,
	LIFTER_YOB INT NOT NULL,
	LIFTER_STATE VARCHAR(3) NOT NULL,
	LIFTER_GENDER VARCHAR(1) NOT NULL,
	LIFTER_FNAME VARCHAR(100) NOT NULL,
	LIFTER_LNAME VARCHAR(100) NOT NULL,
	LIFTER_DRUG_TEST ENUM('pass', 'fail') DEFAULT NULL,
	FOREIGN KEY(TEAM_ID) REFERENCES TEAM(TEAM_ID)
);

CREATE TABLE COMPETITION_LOG (
	LIFTER_ID INT,
	COMPETITION_ID INT,
	CAT_ID INT,
	COMP_LOG_LIFTER_BODYWEIGHT DECIMAL(5,2) NOT NULL,
	COMP_LOG_LIFTER_EXPERIENCE INT NOT NULL,
	PRIMARY KEY(LIFTER_ID, COMPETITION_ID), -- composite PK
	FOREIGN KEY(LIFTER_ID) REFERENCES LIFTER(LIFTER_ID),
	FOREIGN KEY(COMPETITION_ID) REFERENCES COMPETITION(COMPETITION_ID),
	FOREIGN KEY(CAT_ID) REFERENCES CATEGORY(CAT_ID)
);

CREATE TABLE LIFT (
	LIFT_ID VARCHAR(20) PRIMARY KEY,
	LIFT_NAME VARCHAR(13),
	LIFT_WEIGHT DECIMAL(4,1),
	LIFT_ATMPTNUM INT NOT NULL,
	LIFTER_ID INT,
	COMPETITION_ID INT,
	FOREIGN KEY(LIFTER_ID, COMPETITION_ID) REFERENCES COMPETITION_LOG(LIFTER_ID, COMPETITION_ID)
);

/*  ------------------------------------------------------------------------------------------------------------------------- */
/*Insert data CATEGORY */
/*Insert data CATEGORY */
/*Insert data CATEGORY */
START TRANSACTION;
INSERT INTO CATEGORY (CAT_ID, CAT_NAME, CAT_GENDER, CAT_EXPERIENCE_MIN, CAT_EXPERIENCE_MAX)
VALUES
(1, 'Female - Collegiate', 'F', 3, 3),
(2, 'Female - High School', 'F', 1, 1),
(3, 'Female - High School JV', 'F', 1, 1),
(4, 'Female - High School Varsity', 'F', 3, 3),
(5, 'Female - Junior', 'F', 1, 1),
(6, 'Female - Master', 'F', 5, 5),
(7, 'Female - Master 1', 'F', 5, 5),
(8, 'Female - Master 2', 'F', 5, 5),
(9, 'Female - Master 3', 'F', 6, 6),
(10, 'Female - Master 4', 'F', 6, 6),
(11, 'Female - Master 5', 'F', 7, 7),
(12, 'Female - Master 6', 'F', 7, 7),
(13, 'Female - Military Open', 'F', 8, 8),
(14, 'Female - Open', 'F', 0, 0),
(15, 'Female - Police & Fire', 'F', 3, 3),
(16, 'Female - Raw Collegiate', 'F', 3, 3),
(17, 'Female - Raw High School', 'F', 1, 1),
(18, 'Female - Raw High School JV', 'F', 1, 1),
(19, 'Female - Raw High School Varsity', 'F', 2, 2),
(20, 'Female - Raw Junior', 'F', 1, 1),
(21, 'Female - Raw Master', 'F', 3, 3),
(22, 'Female - Raw Master 1', 'F', 5, 5),
(23, 'Female - Raw Master 2', 'F', 5, 5),
(24, 'Female - Raw Master 3', 'F', 5, 5),
(25, 'Female - Raw Master 4', 'F', 6, 6),
(26, 'Female - Raw Master 5', 'F', 7, 7),
(27, 'Female - Raw Master 6', 'F', 7, 7),
(28, 'Female - Raw Master 7', 'F', 7, 7),
(29, 'Female - Raw Military Open', 'F', 4, 4),
(30, 'Female - Raw Open', 'F', 0, 0),
(31, 'Female - Raw Open Pro', 'F', 10, 10),
(32, 'Female - Raw Special Olympian', 'F', 10, 10),
(33, 'Female - Raw Teen', 'F', 1, 1),
(34, 'Female - Raw Teen 1', 'F', 1, 1),
(35, 'Female - Raw Teen 2', 'F', 2, 2),
(36, 'Female - Raw Teen 3', 'F', 2, 2),
(37, 'Female - Raw Youth', 'F', 0, 0),
(38, 'Female - Raw Youth 1', 'F', 0, 0),
(39, 'Female - Raw Youth 2', 'F', 1, 1),
(40, 'Female - Raw Youth 3', 'F', 1, 1),
(41, 'Female - Raw with Wraps Collegiate', 'F', 3, 3),
(42, 'Female - Raw with Wraps High School', 'F', 2, 2),
(43, 'Female - Raw with Wraps Junior', 'F', 1, 1),
(44, 'Female - Raw with Wraps Master', 'F', 5, 5),
(45, 'Female - Raw with Wraps Master 1', 'F', 5, 5),
(46, 'Female - Raw with Wraps Master 2', 'F', 5, 5),
(47, 'Female - Raw with Wraps Master 3', 'F', 5, 5),
(48, 'Female - Raw with Wraps Master 4', 'F', 6, 6),
(49, 'Female - Raw with Wraps Master 5', 'F', 6, 6),
(50, 'Female - Raw with Wraps Military Open', 'F', 4, 4),
(51, 'Female - Raw with Wraps Open', 'F', 0, 0),
(52, 'Female - Raw with Wraps Teen', 'F', 0, 0),
(53, 'Female - Raw with Wraps Teen 1', 'F', 1, 1),
(54, 'Female - Raw with Wraps Teen 2', 'F', 1, 1),
(55, 'Female - Raw with Wraps Teen 3', 'F', 1, 1),
(56, 'Female - Raw with Wraps Youth 3', 'F', 1, 1),
(57, 'Female - Special Olympian', 'F', 10, 10),
(58, 'Female - Teen', 'F', 0, 0),
(59, 'Female - Teen 1', 'F', 1, 1),
(60, 'Female - Teen 2', 'F', 1, 1),
(61, 'Female - Teen 3', 'F', 1, 1),
(62, 'Male - Collegiate', 'M', 3, 3),
(63, 'Male - High School', 'M', 1, 1),
(64, 'Male - High School JV', 'M', 1, 1),
(65, 'Male - High School Varsity', 'M', 3, 3),
(66, 'Male - Junior', 'M', 1, 1),
(67, 'Male - Master', 'M', 5, 5),
(68, 'Male - Master 1', 'M', 5, 5),
(69, 'Male - Master 2', 'M', 5, 5),
(70, 'Male - Master 3', 'M', 6, 6),
(71, 'Male - Master 4', 'M', 6, 6),
(72, 'Male - Master 5', 'M', 7, 7),
(73, 'Male - Master 6', 'M', 7, 7),
(74, 'Male - Military Open', 'M', 8, 8),
(75, 'Male - Open', 'M', 0, 0),
(76, 'Male - Police & Fire', 'M', 3, 3),
(77, 'Male - Raw Collegiate', 'M', 3, 3),
(78, 'Male - Raw High School', 'M', 1, 1),
(79, 'Male - Raw High School JV', 'M', 1, 1),
(80, 'Male - Raw High School Varsity', 'M', 2, 2),
(81, 'Male - Raw Junior', 'M', 1, 1),
(82, 'Male - Raw Master', 'M', 3, 3),
(83, 'Male - Raw Master 1', 'M', 5, 5),
(84, 'Male - Raw Master 2', 'M', 5, 5),
(85, 'Male - Raw Master 3', 'M', 5, 5),
(86, 'Male - Raw Master 4', 'M', 6, 6),
(87, 'Male - Raw Master 5', 'M', 7, 7),
(88, 'Male - Raw Master 6', 'M', 7, 7),
(89, 'Male - Raw Master 7', 'M', 7, 7),
(90, 'Male - Raw Military Open', 'M', 4, 4),
(91, 'Male - Raw Open', 'M', 0, 0),
(92, 'Male - Raw Open Pro', 'M', 10, 10),
(93, 'Male - Raw Special Olympian', 'M', 10, 10),
(94, 'Male - Raw Teen', 'M', 1, 1),
(95, 'Male - Raw Teen 1', 'M', 1, 1),
(96, 'Male - Raw Teen 2', 'M', 2, 2),
(97, 'Male - Raw Teen 3', 'M', 2, 2),
(98, 'Male - Raw Youth', 'M', 0, 0),
(99, 'Male - Raw Youth 1', 'M', 0, 0),
(100, 'Male - Raw Youth 2', 'M', 1, 1),
(101, 'Male - Raw Youth 3', 'M', 1, 1),
(102, 'Male - Raw with Wraps Collegiate', 'M', 3, 3),
(103, 'Male - Raw with Wraps High School', 'M', 2, 2),
(104, 'Male - Raw with Wraps Junior', 'M', 1, 1),
(105, 'Male - Raw with Wraps Master', 'M', 5, 5),
(106, 'Male - Raw with Wraps Master 1', 'M', 5, 5),
(107, 'Male - Raw with Wraps Master 2', 'M', 5, 5),
(108, 'Male - Raw with Wraps Master 3', 'M', 5, 5),
(109, 'Male - Raw with Wraps Master 4', 'M', 6, 6),
(110, 'Male - Raw with Wraps Master 5', 'M', 6, 6),
(111, 'Male - Raw with Wraps Military Open', 'M', 4, 4),
(112, 'Male - Raw with Wraps Open', 'M', 0, 0),
(113, 'Male - Raw with Wraps Teen', 'M', 0, 0),
(114, 'Male - Raw with Wraps Teen 1', 'M', 1, 1),
(115, 'Male - Raw with Wraps Teen 2', 'M', 1, 1),
(116, 'Male - Raw with Wraps Teen 3', 'M', 1, 1),
(117, 'Male - Raw with Wraps Youth 3', 'M', 1, 1),
(118, 'Male - Special Olympian', 'M', 10, 10),
(119, 'Male - Teen', 'M', 0, 0),
(120, 'Male - Teen 1', 'M', 1, 1),
(121, 'Male - Teen 2', 'M', 1, 1),
(122, 'Male - Teen 3', 'M', 1, 1),
(123, 'Female - Raw Police & Fire', 'F', 3, 3),
(124, 'Male - Raw Police & Fire', 'M', 3, 3),
(125, 'Female - Raw Guest Lifter', 'F', 0, 0),
(126, 'Male - Raw Guest Lifter', 'M', 0, 0);
COMMIT;

/*Insert data
VENUE */
INSERT INTO VENUE (VEN_ID, VEN_NAME, VEN_STREET_NUMBER, VEN_STREET_NAME, VEN_CITY_NAME, VEN_STATE_NAME, VEN_ZIP_CODE)
VALUES 
(0, 'Texas Strength Systems', 2418, 'Boardwalk St', 'San Antonio', 'TX', 78217),
(1, 'Gameday Barbell', 1106, 'Smith Rd Ste 108', 'Austin', 'TX', 78721),
(2, 'Placeholder', 0000, 'Placeholder Rd', 'city', 'ST', 00000);
COMMIT;

/*Insert data 
TEAM */
START TRANSACTION;
INSERT INTO TEAM (TEAM_ID, TEAM_NAME)
VALUES
(119523, 'Longhorn Powerlifting'),
(1218, 'UNT Powerlifting'),
(1278, 'University of Houston Powerlifting'),
(119984, 'Be Strong'),
(666, 'Reactive Training Systems'),
(119728, 'McKendree University Powerlifting Team'),
(120205, 'Top-End Strength');
COMMIT;

/*Insert data
COMPETITION */
INSERT INTO COMPETITION (COMPETITION_ID, VEN_ID, COMPETITION_NAME, COMPETITION_DATE, COMPETITION_DRUG_STATUS)
VALUES
(121328, 0, '2 Hot 2 Meet', '2024-07-06', 'tested'),
(121596, 1, 'Pro Series Finals', '2024-10-19', 'tested'),
(120765, 2, 'LLS Space City Bash', '2024-10-19', 'tested'),
(121765, 2, 'High School & Youth State Championships', '2024-10-19', 'tested'),
(121762, 2, 'Gonzo Barbell Bash', '2024-10-19', 'tested'),
(121754, 2, 'Exceed Full Send Classic III', '2024-10-19', 'tested');
COMMIT;

/*Insert data
LIFTER */
START TRANSACTION;
INSERT INTO LIFTER (LIFTER_ID, TEAM_ID, LIFTER_YOB, LIFTER_STATE, LIFTER_GENDER, LIFTER_FNAME, LIFTER_LNAME, LIFTER_DRUG_TEST)
VALUES
(123957, NULL, 1989, 'TX', 'F', 'Zarina', 'Ilyassova', NULL),
(149297, NULL, 2003, 'TX', 'F', 'Savanna', 'Ransom', NULL),
(160325, NULL, 2002, 'TX', 'F', 'Shelby', 'Fox', NULL),
(139871, 119523, 2004, 'TX', 'F', 'Jaqueline', 'Lopez', 'pass'),
(155131, NULL, 1979, 'TX', 'F', 'Andrea', 'Mates', NULL),
(160326, NULL, 1999, 'TX', 'F', 'Ann', 'Tran', NULL),
(158082, NULL, 1994, 'TX', 'F', 'Ashley', 'Ehmling', 'pass'),
(59581, NULL, 1988, 'TX', 'F', 'Alyssa', 'Lesa', NULL),
(160327, NULL, 2007, 'TX', 'F', 'Jasmin', 'Hernandez', NULL),
(160328, NULL, 2006, 'TX', 'F', 'Nixie', 'Torres', NULL),
(147183, NULL, 2008, 'TX', 'F', 'Kimber', 'Bliton', NULL),
(160329, NULL, 2006, 'TX', 'F', 'Angelyn', 'Falcon', NULL),
(156695, NULL, 2004, 'TX', 'F', 'Annalisa', 'Villanueva', NULL),
(158339, NULL, 2007, 'TX', 'F', 'Maddi', 'Valles', NULL),
(147184, NULL, 1961, 'TX', 'M', 'Mike', 'Harrison', NULL),
(140663, NULL, 2001, 'TX', 'M', 'Nicholas', 'Ly', NULL),
(152819, 1218, 2003, 'TX', 'M', 'Zane', 'Crider', NULL),
(160332, NULL, 2001, 'TX', 'M', 'Alejandro', 'Reyes', 'pass'),
(134128, NULL, 2002, 'TX', 'M', 'Gabriel', 'De Olaguibel', 'pass'),
(160331, NULL, 2003, 'TX', 'M', 'Rahul', 'Shaji', NULL),
(139876, 119523, 2002, 'TX', 'M', 'Rohan', 'Gupta', NULL),
(160333, NULL, 1983, 'TX', 'M', 'Brendan', 'McGrath', 'pass'),
(149645, NULL, 1976, 'TX', 'M', 'Ryan', 'Hogan', NULL),
(160334, NULL, 1950, 'TX', 'M', 'Henry', 'Roye', NULL),
(126948, NULL, 2002, 'TX', 'M', 'Dominik', 'Souvannasy', NULL),
(131811, NULL, 2002, 'TX', 'M', 'Quyen', 'Vo', NULL),
(160337, NULL, 1997, 'TX', 'M', 'John', 'Lee', NULL),
(160338, NULL, 1992, 'TX', 'M', 'Andrew', 'Ballard', NULL),
(160339, NULL, 1999, 'TX', 'M', 'Luke', 'Hockran', NULL),
(153208, NULL, 1985, 'TX', 'M', 'Jesus', 'Cabrera', NULL),
(160340, NULL, 1990, 'TX', 'M', 'Danny', 'Nguyen', NULL),
(160341, NULL, 1987, 'TX', 'M', 'Benjamin', 'Garrett', NULL),
(160342, NULL, 1995, 'TX', 'M', 'Alec', 'Godwin', NULL),
(149654, NULL, 1997, 'TX', 'M', 'Nathan', 'Cardenas', NULL),
(30330, NULL, 1999, 'TX', 'M', 'Andrew', 'Tran', NULL),
(146028, NULL, 1999, 'TX', 'M', 'Haseeb', 'Bahar', NULL),
(157563, NULL, 2000, 'TX', 'M', 'Victoriano', 'Yanez', NULL),
(136801, NULL, 1997, 'TX', 'M', 'Jaret', 'Colon Rodriguez', NULL),
(48777, NULL, 1987, 'TX', 'M', 'Pei', 'Zhao', NULL),
(159515, NULL, 2003, 'TX', 'M', 'Joseph', 'Francisco Franco Arana', NULL),
(160335, NULL, 1991, 'TX', 'M', 'Andres', 'Salgado', NULL),
(160336, NULL, 1998, 'TX', 'M', 'Jay', 'Parmar', NULL),
(160343, NULL, 2006, 'MO', 'M', 'Peter', 'Leonhardt-Smith', NULL),
(160344, NULL, 2007, 'TX', 'M', 'Killian', 'Basore', NULL),
(160345, NULL, 2005, 'TX', 'M', 'Logan', 'Brown', NULL),
(160330, NULL, 2006, 'TX', 'M', 'Leeland', 'ibarra', NULL),
(558, NULL, 1971, 'GA', 'F', 'Alicia', 'Webb', NULL),
(10776, NULL, 1962, 'SD', 'F', 'Elizabeth', 'Richardson', NULL),
(49487, NULL, 1966, 'TN', 'F', 'Joy', 'Black', NULL),
(16505, NULL, 1999, 'FL', 'F', 'Natalie', 'Richardson', NULL),
(134855, NULL, 1962, 'AZ', 'F', 'Joy', 'Mercer', NULL),
(36470, NULL, 1982, 'MN', 'F', 'Christy', 'Rice', NULL),
(128000, NULL, 1978, 'NY', 'F', 'Briana', 'Boardman', NULL),
(32116, NULL, 1982, 'OH', 'F', 'Amanda', 'Doll', NULL),
(133033, NULL, 1975, 'MD', 'F', 'Jennifer', 'Wilcox', NULL),
(122997, NULL, 2000, 'GA', 'F', 'Isabelle', 'Marosek', NULL),
(62644, NULL, 1996, 'AK', 'F', 'Rachael', 'Hannan', NULL),
(138938, NULL, 2003, 'IN', 'F', 'Katie', 'Degeyter', NULL),
(895, NULL, 1972, 'NE', 'M', 'Tim', 'Anderson', NULL),
(13386, NULL, 1957, 'TX', 'M', 'Gary', 'Pamplin', NULL),
(134856, NULL, 1962, 'AZ', 'M', 'Maxwell', 'Mercer', NULL),
(16904, NULL, 1946, 'CA', 'M', 'Robert', 'Evans', NULL),
(131553, NULL, 1982, 'WV', 'M', 'Brian', 'Scott', NULL),
(37423, NULL, 1997, 'LA', 'M', 'Preston', 'Savoy Jr', NULL),
(127481, NULL, 1991, 'NY', 'M', 'Nick', 'Benerakis', NULL),
(50502, NULL, 1990, 'TX', 'M', 'Alex', 'Smith', 'pass'),
(28513, NULL, 1983, 'MI', 'M', 'Carlo', 'E Melendez', NULL),
(49939, NULL, 1970, 'TX', 'M', 'Jorge', 'Castaneda', NULL),
(143885, NULL, 1982, 'OK', 'M', 'Jermaine', 'Lyles', NULL),
(36839, NULL, 1961, 'TX', 'M', 'Dennis', 'Alba', NULL),
(1632, NULL, 1990, 'SC', 'M', 'Todd', 'Talford', 'pass'),
(4472, NULL, 1990, 'NY', 'M', 'Alvin', 'Roswell', NULL),
(13703, NULL, 1964, 'MI', 'F', 'Laura', 'Styrlund', NULL),
(4169, NULL, 1981, 'NV', 'F', 'Kehaulani', 'Richardson', 'pass'),
(5742, NULL, 1981, 'NE', 'F', 'Katey', 'Dodge', NULL),
(50011, NULL, 1967, 'GA', 'F', 'Amy', 'Pancake', NULL),
(52448, NULL, 1999, 'LA', 'F', 'Alexis', 'McCarthy', NULL),
(126049, NULL, 2003, 'TX', 'F', 'Lagi', 'Ahsang', 'pass'),
(59405, NULL, 2000, 'TX', 'F', 'Makenna', 'Henderson', NULL),
(3423, NULL, 1991, 'CT', 'F', 'Sophia', 'Veiras', NULL),
(59209, NULL, 1951, 'MI', 'F', 'Shelly', 'Stettner', 'pass'),
(25179, NULL, 1945, 'NJ', 'F', 'Helen', 'White', NULL),
(17525, NULL, 1955, 'NY', 'F', 'Janice', 'Francis', NULL),
(120484, NULL, 1957, 'NC', 'F', 'Deborah', 'Mazzullo', NULL),
(5071, NULL, 1983, 'SC', 'F', 'Heather', 'Faas', NULL),
(128080, NULL, 1996, 'TX', 'F', 'Mae', 'Angeli Saguil', 'pass'),
(126408, NULL, 2001, 'TX', 'F', 'Leanne', 'Le', NULL),
(44371, NULL, 1999, 'TX', 'F', 'Christiane', 'Hazzard', NULL),
(56118, NULL, 1996, 'MI', 'F', 'Keara', 'Thompson', NULL),
(126404, NULL, 1997, 'TX', 'F', 'Bria', 'Williams', NULL),
(35963, NULL, 1976, 'FL', 'M', 'Barron', 'Henderson', NULL),
(3172, NULL, 1962, 'MD', 'M', 'Mark', 'Daniel', NULL),
(123449, NULL, 2000, 'NE', 'M', 'Vincent', 'Huerta', NULL),
(123205, NULL, 2000, 'WI', 'M', 'Bradon', 'Gulch', NULL),
(34332, NULL, 1994, 'LA', 'M', 'Jared', 'Naquin', NULL),
(16930, NULL, 2000, 'MS', 'M', 'Cordarius', 'Harris', NULL),
(562, NULL, 1961, 'CO', 'M', 'Ron', 'Garofalo', NULL),
(12228, NULL, 1962, 'TX', 'M', 'Duane', 'Madere', NULL),
(56181, NULL, 1970, 'VA', 'M', 'William', 'Waller', NULL),
(9136, NULL, 1958, 'NE', 'M', 'Monte', 'Lofing', NULL),
(152336, NULL, 1980, 'NLD', 'M', 'Robin', 'Kensenhuis', 'pass'),
(137824, NULL, 1980, 'CA', 'M', 'An', 'Nguyen', NULL),
(55343, NULL, 1980, 'MI', 'M', 'Marc', 'Lehnert', NULL),
(1728, NULL, 1948, 'MN', 'M', 'Jerry', 'Shetka', NULL),
(6715, NULL, 1993, 'NJ', 'M', 'Peter', 'Hoang', NULL),
(122446, NULL, 1994, 'OH', 'M', 'Anthony', 'Bilal', NULL),
(121729, NULL, 2003, 'SC', 'M', 'Jalen', 'Faulk', NULL),
(56324, NULL, 1994, 'SC', 'M', 'Lorenzo', 'Wright', NULL),
(132834, NULL, 1995, 'PA', 'M', 'Albert', 'Le', NULL),
(15230, NULL, 1992, 'TX', 'M', 'Anas', 'Anbar', NULL),
(149058, NULL, 2003, 'TX', 'F', 'Casey', 'Ray Willingham', NULL),
(149059, NULL, 2001, 'TX', 'F', 'Paloma', 'Treviño', NULL),
(123346, NULL, 1981, 'TX', 'F', 'Johnique', 'Atkins', NULL),
(47302, NULL, 1987, 'TX', 'F', 'Jennifer', 'LeNguyen-Yuncker', 'pass'),
(149060, NULL, 1995, 'TX', 'F', 'Jasmin', 'Morales', NULL),
(149062, NULL, 1998, 'TX', 'F', 'Chelsea', 'Fisher', NULL),
(149063, NULL, 1994, 'TX', 'F', 'Katya', 'De Santiago', 'pass'),
(146719, NULL, 1987, 'TX', 'F', 'Shenequa', 'Harris-Carter', NULL),
(149061, NULL, 1997, 'TX', 'F', 'Emily', 'Lopez', NULL),
(149064, 1278, 2001, 'TX', 'M', 'Kamden', 'Warren', NULL),
(62755, 1278, 2001, 'TX', 'M', 'Peter', 'Nguyen', NULL),
(139262, 1278, 2003, 'TX', 'M', 'Joshua', 'Roberson', NULL),
(149065, NULL, 1999, 'TX', 'M', 'Samson', 'Mammarappallil', NULL),
(62756, NULL, 2000, 'TX', 'M', 'Ty', 'Nicholson', 'pass'),
(149066, NULL, 2002, 'TX', 'M', 'Jose', 'Coleman', NULL),
(149067, NULL, 2001, 'TX', 'M', 'Navid', 'Hasan', NULL),
(142538, NULL, 2000, 'TX', 'M', 'Phillip', 'Dang', NULL),
(146730, 119984, 2002, 'TX', 'M', 'Adrian', 'Ramirez', NULL),
(3287, NULL, 1979, 'TX', 'M', 'Tim', 'Lamando', NULL),
(149068, NULL, 1958, 'TX', 'M', 'Roger', 'White', NULL),
(146741, NULL, 1957, 'TX', 'M', 'Enrique', 'Gasca', NULL),
(28081, NULL, 1989, 'TX', 'M', 'John', 'Esposito', NULL),
(149069, NULL, 1999, 'TX', 'M', 'Tommie', 'Bejarano', NULL),
(61387, NULL, 1995, 'TX', 'M', 'Jorge', 'Luis Canovas', NULL),
(129924, NULL, 1998, 'TX', 'M', 'Noah', 'Tellez', NULL),
(146752, NULL, 1998, 'TX', 'M', 'Gedion', 'Tagese', NULL),
(146722, 119984, 1998, 'TX', 'M', 'Rudy', 'Herrero', NULL),
(130959, NULL, 1992, 'TX', 'M', 'Moises', 'Ramirez', NULL),
(149071, NULL, 1996, 'TX', 'M', 'Eric', 'Calvillo', NULL),
(139265, NULL, 1999, 'TX', 'M', 'Laurence', 'Marzo', NULL),
(149070, NULL, 1991, 'TX', 'M', 'Christopher', 'Sells', 'pass'),
(149073, NULL, 2005, 'TX', 'M', 'Adrian', 'Badillo', NULL),
(149074, NULL, 2006, 'FL', 'M', 'Zavon', 'Starks', NULL),
(141781, NULL, 2006, 'TX', 'M', 'Fawzaan', 'Muhammad', NULL),
(149072, NULL, 2005, 'TX', 'M', 'Ryan', 'Easley', NULL),
(146981, NULL, 2006, 'IA', 'M', 'Adam', 'Percy', NULL),
(167977, NULL, 2006, 'TX', 'F', 'Areanna', 'Marin', NULL),
(167978, NULL, 2006, 'TX', 'F', 'Charlize', 'Terrazas', NULL),
(163618, NULL, 2008, 'TX', 'F', 'Jadie', 'Apolinario', NULL),
(167979, NULL, 2009, 'TX', 'F', 'Kaylin', 'Smith', NULL),
(156199, NULL, 2008, 'TX', 'F', 'Cecilia', 'Cheah', NULL),
(163621, NULL, 2007, 'TX', 'F', 'Andria', 'Gonzales', NULL),
(167980, NULL, 2007, 'TX', 'F', 'Kaya', 'Saha', NULL),
(160003, NULL, 2008, 'TX', 'F', 'Calista', 'Zimmerli', NULL),
(167981, NULL, 2007, 'TX', 'F', 'Spirit', 'Davila-Rodriguez', NULL),
(167982, NULL, 2008, 'TX', 'F', 'Ily', 'Winter', NULL),
(167983, NULL, 2011, 'TX', 'F', 'Claire', 'Schorsch', NULL),
(167984, NULL, 2011, 'TX', 'F', 'Caydee', 'Herbst', NULL),
(161517, NULL, 2011, 'TX', 'F', 'Jaylee', 'Miller', NULL),
(167985, NULL, 2008, 'TX', 'M', 'Jeffrey', 'Rodriguez', NULL),
(158106, NULL, 2007, 'TX', 'M', 'Brenton', 'Linehan', NULL),
(158103, NULL, 2007, 'TX', 'M', 'Jayden', 'Ramos', 'pass'),
(164563, NULL, 2007, 'TX', 'M', 'Brady', 'Treat', 'pass'),
(167986, NULL, 2007, 'TX', 'M', 'Brody', 'Vigil', NULL),
(165409, NULL, 2007, 'TX', 'M', 'Max', 'Gray', NULL),
(160509, NULL, 2008, 'TX', 'M', 'James', 'Martinez', NULL),
(167987, NULL, 2007, 'TX', 'M', 'Julian', 'Ayala', NULL),
(163453, NULL, 2007, 'TX', 'M', 'Isaia', 'Martinez', NULL),
(165116, NULL, 2009, 'TX', 'M', 'Oscar', 'Rivas', NULL),
(167991, NULL, 2010, 'TX', 'M', 'Advaith', 'Goud Sirisanagandla', NULL),
(167992, NULL, 2008, 'TX', 'M', 'Richard', 'Dix', NULL),
(167993, NULL, 2009, 'TX', 'M', 'Dante', 'Cagliolo', NULL),
(163642, NULL, 2010, 'TX', 'M', 'Michael', 'Morris', NULL),
(167994, NULL, 2009, 'TX', 'M', 'Nolan', 'Mokry', NULL),
(121962, NULL, 2009, 'TX', 'M', 'James', 'Jackson', NULL),
(167998, NULL, 2008, 'TX', 'M', 'Hugo', 'West', NULL),
(160515, NULL, 2007, 'TX', 'M', 'Ryu', 'Flores', NULL),
(167999, NULL, 2006, 'TX', 'M', 'Christian', 'Fonseca', NULL),
(164566, NULL, 2007, 'TX', 'M', 'Ethaniel', 'Kauffeld', NULL),
(168000, NULL, 2008, 'TX', 'M', 'Brandon', 'Barnett', NULL),
(151093, NULL, 2006, 'TX', 'M', 'Joshua', 'Bejaran', NULL),
(168001, NULL, 2008, 'TX', 'M', 'Caleb', 'Green-Ondo', NULL),
(124070, NULL, 2006, 'TX', 'M', 'Cody', 'Saenz', NULL),
(167988, NULL, 2008, 'TX', 'M', 'Sean', 'Gallagher', NULL),
(167989, NULL, 2007, 'TX', 'M', 'Tristan', 'Espinoza', NULL),
(167990, NULL, 2008, 'TX', 'M', 'Clayton', 'Barron', NULL),
(149656, NULL, 2009, 'TX', 'M', 'John', 'Zavala', NULL),
(158110, NULL, 2007, 'TX', 'M', 'Branden', 'Hecker', 'pass'),
(163646, NULL, 2007, 'TX', 'M', 'Scott', 'Gantzler', NULL),
(167995, NULL, 2007, 'TX', 'M', 'Juan', 'Ramirez', NULL),
(153218, NULL, 2006, 'TX', 'M', 'Joseph', 'Hernandez', NULL),
(167996, NULL, 2007, 'TX', 'M', 'Raemon', 'Buentello', NULL),
(163227, NULL, 2009, 'TX', 'M', 'Finn', 'Ogden', NULL),
(165117, NULL, 2007, 'TX', 'M', 'Michael', 'Perez', NULL),
(167997, NULL, 2010, 'TX', 'M', 'Gerald', 'Ratulowski', NULL),
(153228, NULL, 2015, 'TX', 'M', 'JW', 'Martin', NULL),
(156213, NULL, 2013, 'TX', 'M', 'Ryas', 'Sarnella', NULL),
(161521, NULL, 2013, 'TX', 'M', 'Drake', 'Dolezal', NULL),
(63781, NULL, 1978, 'IL', 'F', 'Cheryl', 'Stewart', NULL),
(167911, NULL, 1961, 'IL', 'F', 'Christine', 'Parisella', NULL),
(167912, NULL, 1993, 'MO', 'F', 'Shreena', 'Chopra', 'pass'),
(167913, NULL, 1989, 'IL', 'F', 'Megan', 'Garcia Cowie', NULL),
(167914, NULL, 1993, 'IL', 'F', 'Rachel', 'Kozel', NULL),
(167915, NULL, 1988, 'IL', 'F', 'Kate', 'Morthland', 'pass'),
(167916, NULL, 2004, 'IL', 'M', 'Kush', 'Patel', NULL),
(167917, NULL, 2003, 'IL', 'M', 'Tanner', 'White', NULL),
(167918, NULL, 2004, 'IL', 'M', 'Jude', 'Erasmus', NULL),
(140500, NULL, 2003, 'IL', 'M', 'Michael', 'Donahue', NULL),
(161985, NULL, 2004, 'IL', 'M', 'Drew', 'Schlabach', NULL),
(161986, NULL, 2001, 'IL', 'M', 'Adam', 'Ripper', NULL),
(167919, NULL, 1984, 'IL', 'M', 'John', 'Starnes', NULL),
(167920, NULL, 1977, 'IN', 'M', 'Joseph', 'Buschmann', NULL),
(161989, NULL, 1997, 'IL', 'M', 'Jon', 'Northcutt', NULL),
(167922, NULL, 1990, 'IL', 'M', 'Jacob', 'Back', NULL),
(126960, NULL, 1999, 'IL', 'M', 'Adit', 'Baruah', NULL),
(167923, NULL, 2000, 'IL', 'M', 'Matthew', 'Erdman', NULL),
(149621, 666, 1998, 'IL', 'M', 'Nathaniel', 'Morsy', NULL),
(167921, NULL, 1998, 'IL', 'M', 'Brendyn', 'Feleciano', NULL),
(167924, NULL, 2008, 'IL', 'M', 'Gavin', 'Reyez', 'pass'),
(167925, NULL, 2008, 'IL', 'M', 'Colsen', 'Wagoner', NULL),
(167927, NULL, 2007, 'IL', 'M', 'Ezekiel', 'Matthews', NULL),
(167926, NULL, 2008, 'IL', 'M', 'Leo', 'Aleman', NULL),
(144194, 119728, 2006, 'IL', 'M', 'Tucker', 'Gillett', NULL),
(167928, NULL, 2006, 'IL', 'M', 'Blake', 'Andrews', NULL),
(167929, NULL, 2006, 'IL', 'M', 'Joshua', 'Hunt', NULL),
(167930, NULL, 2006, 'IL', 'M', 'Levi', 'Ohley', NULL),
(158745, 119728, 2006, 'IL', 'M', 'Ronnie', 'Walker', NULL),
(167756, NULL, 2003, 'CA', 'F', 'Chery', 'San Jose', NULL),
(167757, NULL, 2003, 'CA', 'F', 'Cecile', 'Nguyen', NULL),
(167758, NULL, 1987, 'CA', 'F', 'Kittie', 'Weinreich', NULL),
(166345, NULL, 1998, 'CA', 'F', 'Dominique', 'Guzman', 'pass'),
(167759, NULL, 1991, 'CA', 'F', 'Sarah', 'Staples', NULL),
(167760, NULL, 1998, 'CA', 'F', 'Jocelyn', 'Carranza', NULL),
(143456, NULL, 1999, 'CA', 'F', 'Iris', 'Chan', NULL),
(167761, NULL, 2004, 'CA', 'M', 'Jesse', 'Duran', NULL),
(156641, NULL, 2003, 'CA', 'M', 'Jesus', 'Jimenez', NULL),
(131391, NULL, 2004, 'CA', 'M', 'Ramen', 'Murugadoss', NULL),
(145943, NULL, 2002, 'CA', 'M', 'Luke', 'Jennings', NULL),
(167764, NULL, 2002, 'CA', 'M', 'Matthew', 'Nguyen', NULL),
(167765, NULL, 2001, 'CA', 'M', 'Braulio', 'Valdez', NULL),
(167766, NULL, 2002, 'CA', 'M', 'Eduardo', 'Valencia', NULL),
(167762, NULL, 2004, 'CA', 'M', 'Mishack', 'Maico', NULL),
(155219, NULL, 2002, 'CA', 'M', 'Matthew', 'Allen Luna', NULL),
(167763, NULL, 2004, 'CA', 'M', 'Darren', 'Foronda', NULL),
(161200, NULL, 2001, 'CA', 'M', 'Brandon', 'Sandoval', NULL),
(167769, NULL, 1992, 'CA', 'M', 'patrick', 'cho', NULL),
(165005, NULL, 1991, 'CA', 'M', 'John', 'Clement', 'pass'),
(167770, NULL, 1999, 'CA', 'M', 'Joseph', 'Villegas', 'pass'),
(141390, NULL, 1997, 'CA', 'M', 'Jose', 'Vega', NULL),
(123245, NULL, 1998, 'CA', 'M', 'Edmundo', 'Lopez', NULL),
(156660, NULL, 2005, 'CA', 'M', 'Juan', 'Angel Arvizo', NULL),
(167771, NULL, 1997, 'CA', 'M', 'Charlie', 'Vo', NULL),
(143876, NULL, 1995, 'CA', 'M', 'Derek', 'Chok', NULL),
(159687, NULL, 1993, 'CA', 'M', 'Marvin', 'Ma', NULL),
(167772, NULL, 1998, 'CA', 'M', 'Cesar', 'Grajeda', NULL),
(167773, NULL, 2001, 'CA', 'M', 'Jalen', 'Hill', NULL),
(167774, 120205, 1997, 'CA', 'M', 'Andres', 'Avelar', NULL),
(29234, NULL, 1997, 'CA', 'M', 'Antonio', 'Marquez', 'pass'),
(163091, NULL, 2000, 'CA', 'M', 'Conrad', 'Ramirez', NULL),
(146081, NULL, 1998, 'CA', 'M', 'Jordan', 'Cervantes', NULL),
(167767, NULL, 1998, 'CA', 'M', 'Eddie', 'Huynh', NULL),
(167768, NULL, 1993, 'CA', 'M', 'Omar', 'Shanta', NULL),
(167775, NULL, 2007, 'CA', 'M', 'Mark', 'Larson', NULL),
(167776, NULL, 2006, 'CA', 'M', 'Alex', 'Silva Pedraza', NULL);
COMMIT;

/*Insert data
COMPETITION_LOG */
START TRANSACTION;
INSERT INTO COMPETITION_LOG (LIFTER_ID, COMPETITION_ID, CAT_ID, COMP_LOG_LIFTER_BODYWEIGHT, COMP_LOG_LIFTER_EXPERIENCE)
VALUES
(123957, 121328, 30, 63.65, 0),
(149297, 121328, 20, 75.00, 1),
(160325, 121328, 20, 127.40, 1),
(139871, 121328, 20, 62.50, 1),
(155131, 121328, 22, 76.10, 5),
(160326, 121328, 30, 55.55, 0),
(158082, 121328, 30, 93.20, 0),
(59581, 121328, 30, 66.40, 0),
(160327, 121328, 35, 47.40, 2),
(160328, 121328, 35, 50.60, 2),
(147183, 121328, 35, 81.30, 2),
(160329, 121328, 36, 65.60, 2),
(156695, 121328, 36, 79.20, 2),
(158339, 121328, 60, 92.50, 1),
(147184, 121328, 70, 85.25, 6),
(140663, 121328, 81, 73.80, 1),
(152819, 121328, 81, 99.15, 1),
(160332, 121328, 81, 108.85, 1),
(134128, 121328, 81, 77.35, 1),
(160331, 121328, 81, 80.15, 1),
(139876, 121328, 81, 77.40, 1),
(160333, 121328, 83, 91.60, 5),
(149645, 121328, 83, 109.50, 5),
(160334, 121328, 86, 65.95, 6),
(126948, 121328, 91, 89.30, 0),
(131811, 121328, 91, 89.50, 0),
(160337, 121328, 91, 88.70, 0),
(160338, 121328, 91, 89.20, 0),
(160339, 121328, 91, 93.55, 0),
(153208, 121328, 91, 96.60, 0),
(160340, 121328, 91, 94.40, 0),
(160341, 121328, 91, 115.55, 0),
(160342, 121328, 91, 123.35, 0),
(149654, 121328, 91, 114.10, 0),
(30330, 121328, 91, 67.25, 0),
(146028, 121328, 91, 63.20, 0),
(157563, 121328, 91, 82.05, 0),
(136801, 121328, 91, 76.95, 0),
(48777, 121328, 91, 79.95, 0),
(159515, 121328, 91, 80.75, 0),
(160335, 121328, 91, 81.85, 0),
(160336, 121328, 91, 80.20, 0),
(160343, 121328, 96, 73.20, 2),
(160344, 121328, 96, 74.40, 2),
(160345, 121328, 97, 80.30, 2),
(160330, 121328, 121, 65.80, 1),
(558, 121596, 6, 94.90, 5),
(10776, 121596, 6, 74.25, 5),
(49487, 121596, 6, 67.50, 5),
(16505, 121596, 14, 81.05, 0),
(134855, 121596, 14, 47.65, 0),
(36470, 121596, 21, 60.00, 3),
(128000, 121596, 21, 59.85, 3),
(32116, 121596, 21, 135.00, 3),
(133033, 121596, 21, 100.45, 3),
(122997, 121596, 30, 76.30, 0),
(62644, 121596, 30, 66.45, 0),
(138938, 121596, 30, 58.20, 0),
(895, 121596, 67, 108.15, 5),
(13386, 121596, 67, 105.95, 5),
(134856, 121596, 67, 88.55, 5),
(16904, 121596, 67, 105.05, 5),
(131553, 121596, 67, 127.00, 5),
(37423, 121596, 75, 103.20, 0),
(127481, 121596, 75, 99.30, 0),
(50502, 121596, 75, 86.85, 0),
(28513, 121596, 75, 81.30, 0),
(49939, 121596, 82, 109.55, 3),
(143885, 121596, 82, 98.50, 3),
(36839, 121596, 82, 80.90, 3),
(1632, 121596, 91, 89.95, 0),
(4472, 121596, 91, 146.25, 0),
(13703, 121596, 6, 84.20, 5),
(4169, 121596, 6, 89.30, 5),
(5742, 121596, 6, 96.60, 5),
(50011, 121596, 6, 69.30, 5),
(52448, 121596, 14, 61.60, 0),
(126049, 121596, 14, 154.35, 0),
(59405, 121596, 14, 84.70, 0),
(3423, 121596, 14, 66.75, 0),
(59209, 121596, 21, 61.00, 3),
(25179, 121596, 21, 57.85, 3),
(17525, 121596, 21, 81.30, 3),
(120484, 121596, 21, 65.45, 3),
(5071, 121596, 21, 55.60, 3),
(128080, 121596, 30, 59.95, 0),
(126408, 121596, 30, 46.10, 0),
(44371, 121596, 30, 63.80, 0),
(56118, 121596, 30, 74.20, 0),
(126404, 121596, 30, 56.70, 0),
(35963, 121596, 67, 124.05, 5),
(3172, 121596, 67, 87.25, 5),
(123449, 121596, 75, 125.15, 0),
(123205, 121596, 75, 133.90, 0),
(34332, 121596, 75, 89.65, 0),
(16930, 121596, 75, 58.10, 0),
(562, 121596, 82, 81.90, 3),
(12228, 121596, 82, 74.65, 3),
(56181, 121596, 82, 84.35, 3),
(9136, 121596, 82, 66.15, 3),
(152336, 121596, 82, 108.30, 3),
(137824, 121596, 82, 59.20, 3),
(55343, 121596, 82, 123.35, 3),
(1728, 121596, 82, 79.95, 3),
(6715, 121596, 91, 73.85, 0),
(122446, 121596, 91, 82.45, 0),
(121729, 121596, 91, 101.00, 0),
(56324, 121596, 91, 99.00, 0),
(132834, 121596, 91, 67.10, 0),
(15230, 121596, 91, 74.95, 0),
(149058, 120765, 20, 48.00, 1),
(149059, 120765, 20, 92.50, 1),
(123346, 120765, 22, 82.10, 5),
(47302, 120765, 30, 51.30, 0),
(149060, 120765, 30, 58.00, 0),
(149062, 120765, 30, 74.40, 0),
(149063, 120765, 30, 89.00, 0),
(146719, 120765, 30, 123.40, 0),
(149061, 120765, 30, 66.00, 0),
(149064, 120765, 81, 73.20, 1),
(62755, 120765, 81, 88.90, 1),
(139262, 120765, 81, 89.80, 1),
(149065, 120765, 81, 88.90, 1),
(62756, 120765, 81, 99.00, 1),
(149066, 120765, 81, 93.90, 1),
(149067, 120765, 81, 114.70, 1),
(142538, 120765, 81, 80.00, 1),
(146730, 120765, 81, 81.80, 1),
(3287, 120765, 83, 81.40, 5),
(149068, 120765, 85, 98.00, 5),
(146741, 120765, 85, 76.10, 5),
(28081, 120765, 91, 49.40, 0),
(149069, 120765, 91, 71.90, 0),
(61387, 120765, 91, 90.00, 0),
(129924, 120765, 91, 89.70, 0),
(146752, 120765, 91, 87.80, 0),
(146722, 120765, 91, 99.00, 0),
(130959, 120765, 91, 99.80, 0),
(149071, 120765, 91, 108.80, 0),
(139265, 120765, 91, 65.90, 0),
(149070, 120765, 91, 76.70, 0),
(149073, 120765, 96, 73.30, 2),
(149074, 120765, 96, 98.60, 2),
(141781, 120765, 96, 66.78, 2),
(149072, 120765, 96, 63.34, 2),
(146981, 120765, 96, 80.80, 2),
(167977, 121765, 2, 72.20, 1),
(167978, 121765, 17, 47.00, 1),
(163618, 121765, 17, 48.40, 1),
(167979, 121765, 17, 50.50, 1),
(156199, 121765, 17, 54.40, 1),
(163621, 121765, 17, 54.90, 1),
(167980, 121765, 17, 62.70, 1),
(160003, 121765, 17, 67.00, 1),
(167981, 121765, 17, 97.40, 1),
(167982, 121765, 17, 101.10, 1),
(167983, 121765, 34, 41.00, 1),
(167984, 121765, 34, 56.50, 1),
(161517, 121765, 40, 49.30, 1),
(167985, 121765, 63, 59.90, 1),
(158106, 121765, 63, 144.00, 1),
(158103, 121765, 63, 67.30, 1),
(164563, 121765, 78, 60.00, 1),
(167986, 121765, 78, 59.20, 1),
(165409, 121765, 78, 59.00, 1),
(160509, 121765, 78, 59.40, 1),
(167987, 121765, 78, 59.50, 1),
(163453, 121765, 78, 73.40, 1),
(165116, 121765, 78, 73.30, 1),
(167991, 121765, 78, 73.90, 1),
(167992, 121765, 78, 74.90, 1),
(167993, 121765, 78, 73.30, 1),
(163642, 121765, 78, 70.20, 1),
(167994, 121765, 78, 69.30, 1),
(121962, 121765, 78, 74.70, 1),
(167998, 121765, 78, 90.00, 1),
(160515, 121765, 78, 94.50, 1),
(167999, 121765, 78, 98.10, 1),
(164566, 121765, 78, 98.20, 1),
(168000, 121765, 78, 95.70, 1),
(151093, 121765, 78, 109.30, 1),
(168001, 121765, 78, 109.20, 1),
(124070, 121765, 78, 118.00, 1),
(167988, 121765, 78, 64.00, 1),
(167989, 121765, 78, 66.30, 1),
(167990, 121765, 78, 65.40, 1),
(149656, 121765, 78, 65.20, 1),
(158110, 121765, 78, 77.50, 1),
(163646, 121765, 78, 78.70, 1),
(167995, 121765, 78, 82.10, 1),
(153218, 121765, 78, 82.40, 1),
(167996, 121765, 78, 81.00, 1),
(163227, 121765, 78, 81.60, 1),
(165117, 121765, 78, 81.30, 1),
(167997, 121765, 78, 76.60, 1),
(153228, 121765, 100, 32.50, 1),
(156213, 121765, 100, 47.40, 1),
(161521, 121765, 100, 58.10, 1),
(63781, 121762, 22, 61.10, 5),
(167911, 121762, 24, 71.90, 5),
(167912, 121762, 30, 41.00, 0),
(167913, 121762, 30, 68.40, 0),
(167914, 121762, 30, 74.60, 0),
(167915, 121762, 30, 74.90, 0),
(167916, 121762, 81, 59.71, 1),
(167917, 121762, 81, 73.90, 1),
(167918, 121762, 81, 88.70, 1),
(140500, 121762, 81, 99.70, 1),
(161985, 121762, 81, 98.50, 1),
(161986, 121762, 81, 109.10, 1),
(167919, 121762, 83, 95.80, 5),
(167920, 121762, 83, 106.80, 5),
(161989, 121762, 91, 74.50, 0),
(167922, 121762, 91, 89.00, 0),
(126960, 121762, 91, 97.10, 0),
(167923, 121762, 91, 107.00, 0),
(149621, 121762, 91, 66.40, 0),
(167921, 121762, 91, 64.90, 0),
(167924, 121762, 96, 74.70, 2),
(167925, 121762, 96, 72.80, 2),
(167927, 121762, 96, 88.30, 2),
(167926, 121762, 96, 80.50, 2),
(144194, 121762, 97, 73.10, 2),
(167928, 121762, 97, 85.30, 2),
(167929, 121762, 97, 84.30, 2),
(167930, 121762, 97, 82.70, 2),
(158745, 121762, 97, 82.30, 2),
(167756, 121754, 20, 50.98, 1),
(167757, 121754, 20, 51.86, 1),
(167758, 121754, 30, 51.83, 0),
(166345, 121754, 30, 61.62, 0),
(167759, 121754, 30, 62.39, 0),
(167760, 121754, 30, 64.92, 0),
(143456, 121754, 30, 82.29, 0),
(167761, 121754, 81, 59.20, 1),
(156641, 121754, 81, 73.05, 1),
(131391, 121754, 81, 74.85, 1),
(145943, 121754, 81, 88.05, 1),
(167764, 121754, 81, 89.25, 1),
(167765, 121754, 81, 98.10, 1),
(167766, 121754, 81, 122.65, 1),
(167762, 121754, 81, 65.95, 1),
(155219, 121754, 81, 81.25, 1),
(167763, 121754, 81, 80.25, 1),
(161200, 121754, 81, 80.35, 1),
(167769, 121754, 91, 74.35, 0),
(165005, 121754, 91, 89.60, 0),
(167770, 121754, 91, 88.65, 0),
(141390, 121754, 91, 88.45, 0),
(123245, 121754, 91, 88.70, 0),
(156660, 121754, 91, 88.30, 0),
(167771, 121754, 91, 86.25, 0),
(143876, 121754, 91, 88.35, 0),
(159687, 121754, 91, 97.15, 0),
(167772, 121754, 91, 106.40, 0),
(167773, 121754, 91, 103.40, 0),
(167774, 121754, 91, 121.90, 0),
(29234, 121754, 91, 137.25, 0),
(163091, 121754, 91, 66.50, 0),
(146081, 121754, 91, 67.05, 0),
(167767, 121754, 91, 63.85, 0),
(167768, 121754, 91, 66.65, 0),
(167775, 121754, 96, 88.85, 2),
(167776, 121754, 97, 74.35, 2);
COMMIT;

/*Insert data
LIFT */
START TRANSACTION;
INSERT INTO LIFT (LIFT_ID, LIFTER_ID, COMPETITION_ID, LIFT_NAME, LIFT_WEIGHT, LIFT_ATMPTNUM)
VALUES
('123957_1_121328', 123957, 121328, 'Squat', 0, 1),
('123957_2_121328', 123957, 121328, 'Squat', 0, 2),
('123957_3_121328', 123957, 121328, 'Squat', 0, 3),
('123957_4_121328', 123957, 121328, 'Bench Press', 75, 4),
('123957_5_121328', 123957, 121328, 'Bench Press', 80, 5),
('123957_6_121328', 123957, 121328, 'Bench Press', 85, 6),
('123957_7_121328', 123957, 121328, 'Deadlift', 0, 7),
('123957_8_121328', 123957, 121328, 'Deadlift', 0, 8),
('123957_9_121328', 123957, 121328, 'Deadlift', 0, 9),
('149297_1_121328', 149297, 121328, 'Squat', 115, 1),
('149297_2_121328', 149297, 121328, 'Squat', -127.5, 2),
('149297_3_121328', 149297, 121328, 'Squat', 135, 3),
('149297_4_121328', 149297, 121328, 'Bench Press', 55, 4),
('149297_5_121328', 149297, 121328, 'Bench Press', 65, 5),
('149297_6_121328', 149297, 121328, 'Bench Press', -67.5, 6),
('149297_7_121328', 149297, 121328, 'Deadlift', 132.5, 7),
('149297_8_121328', 149297, 121328, 'Deadlift', 147.5, 8),
('149297_9_121328', 149297, 121328, 'Deadlift', 155, 9),
('160325_1_121328', 160325, 121328, 'Squat', 155, 1),
('160325_2_121328', 160325, 121328, 'Squat', 165, 2),
('160325_3_121328', 160325, 121328, 'Squat', 170, 3),
('160325_4_121328', 160325, 121328, 'Bench Press', 72.5, 4),
('160325_5_121328', 160325, 121328, 'Bench Press', 85, 5),
('160325_6_121328', 160325, 121328, 'Bench Press', -92.5, 6),
('160325_7_121328', 160325, 121328, 'Deadlift', 155, 7),
('160325_8_121328', 160325, 121328, 'Deadlift', 167.5, 8),
('160325_9_121328', 160325, 121328, 'Deadlift', 180, 9),
('139871_1_121328', 139871, 121328, 'Squat', 115, 1),
('139871_2_121328', 139871, 121328, 'Squat', 122.5, 2),
('139871_3_121328', 139871, 121328, 'Squat', 130, 3),
('139871_4_121328', 139871, 121328, 'Bench Press', 62.5, 4),
('139871_5_121328', 139871, 121328, 'Bench Press', 65, 5),
('139871_6_121328', 139871, 121328, 'Bench Press', -67.5, 6),
('139871_7_121328', 139871, 121328, 'Deadlift', 112.5, 7),
('139871_8_121328', 139871, 121328, 'Deadlift', 120, 8),
('139871_9_121328', 139871, 121328, 'Deadlift', 125, 9),
('155131_1_121328', 155131, 121328, 'Squat', 82.5, 1),
('155131_2_121328', 155131, 121328, 'Squat', 87.5, 2),
('155131_3_121328', 155131, 121328, 'Squat', 92.5, 3),
('155131_4_121328', 155131, 121328, 'Bench Press', 50, 4),
('155131_5_121328', 155131, 121328, 'Bench Press', 55, 5),
('155131_6_121328', 155131, 121328, 'Bench Press', -57.5, 6),
('155131_7_121328', 155131, 121328, 'Deadlift', 95, 7),
('155131_8_121328', 155131, 121328, 'Deadlift', 102.5, 8),
('155131_9_121328', 155131, 121328, 'Deadlift', 110, 9),
('160326_1_121328', 160326, 121328, 'Squat', 87.5, 1),
('160326_2_121328', 160326, 121328, 'Squat', 92.5, 2),
('160326_3_121328', 160326, 121328, 'Squat', 97.5, 3),
('160326_4_121328', 160326, 121328, 'Bench Press', 52.5, 4),
('160326_5_121328', 160326, 121328, 'Bench Press', 55, 5),
('160326_6_121328', 160326, 121328, 'Bench Press', 57.5, 6),
('160326_7_121328', 160326, 121328, 'Deadlift', 100, 7),
('160326_8_121328', 160326, 121328, 'Deadlift', 107.5, 8),
('160326_9_121328', 160326, 121328, 'Deadlift', 115, 9),
('158082_1_121328', 158082, 121328, 'Squat', 140, 1),
('158082_2_121328', 158082, 121328, 'Squat', 147.5, 2),
('158082_3_121328', 158082, 121328, 'Squat', 155, 3),
('158082_4_121328', 158082, 121328, 'Bench Press', 57.5, 4),
('158082_5_121328', 158082, 121328, 'Bench Press', 62.5, 5),
('158082_6_121328', 158082, 121328, 'Bench Press', 67.5, 6),
('158082_7_121328', 158082, 121328, 'Deadlift', 152.5, 7),
('158082_8_121328', 158082, 121328, 'Deadlift', -157.5, 8),
('158082_9_121328', 158082, 121328, 'Deadlift', -157.5, 9),
('59581_1_121328', 59581, 121328, 'Squat', 115, 1),
('59581_2_121328', 59581, 121328, 'Squat', 120, 2),
('59581_3_121328', 59581, 121328, 'Squat', -125, 3),
('59581_4_121328', 59581, 121328, 'Bench Press', 55, 4),
('59581_5_121328', 59581, 121328, 'Bench Press', 60, 5),
('59581_6_121328', 59581, 121328, 'Bench Press', -65, 6),
('59581_7_121328', 59581, 121328, 'Deadlift', 130, 7),
('59581_8_121328', 59581, 121328, 'Deadlift', 135, 8),
('59581_9_121328', 59581, 121328, 'Deadlift', 142.5, 9),
('160327_1_121328', 160327, 121328, 'Squat', 85, 1),
('160327_2_121328', 160327, 121328, 'Squat', 97.5, 2),
('160327_3_121328', 160327, 121328, 'Squat', 102.5, 3),
('160327_4_121328', 160327, 121328, 'Bench Press', -42.5, 4),
('160327_5_121328', 160327, 121328, 'Bench Press', 45, 5),
('160327_6_121328', 160327, 121328, 'Bench Press', -50, 6),
('160327_7_121328', 160327, 121328, 'Deadlift', 107.5, 7),
('160327_8_121328', 160327, 121328, 'Deadlift', 115, 8),
('160327_9_121328', 160327, 121328, 'Deadlift', 120, 9),
('160328_1_121328', 160328, 121328, 'Squat', 70, 1),
('160328_2_121328', 160328, 121328, 'Squat', 75, 2),
('160328_3_121328', 160328, 121328, 'Squat', 82.5, 3),
('160328_4_121328', 160328, 121328, 'Bench Press', 42.5, 4),
('160328_5_121328', 160328, 121328, 'Bench Press', 45, 5),
('160328_6_121328', 160328, 121328, 'Bench Press', 50, 6),
('160328_7_121328', 160328, 121328, 'Deadlift', 92.5, 7),
('160328_8_121328', 160328, 121328, 'Deadlift', 95, 8),
('160328_9_121328', 160328, 121328, 'Deadlift', 102.5, 9),
('147183_1_121328', 147183, 121328, 'Squat', 97.5, 1),
('147183_2_121328', 147183, 121328, 'Squat', 105, 2),
('147183_3_121328', 147183, 121328, 'Squat', 115, 3),
('147183_4_121328', 147183, 121328, 'Bench Press', 40, 4),
('147183_5_121328', 147183, 121328, 'Bench Press', 45, 5),
('147183_6_121328', 147183, 121328, 'Bench Press', 47.5, 6),
('147183_7_121328', 147183, 121328, 'Deadlift', 82.5, 7),
('147183_8_121328', 147183, 121328, 'Deadlift', 95, 8),
('147183_9_121328', 147183, 121328, 'Deadlift', -117.5, 9),
('160329_1_121328', 160329, 121328, 'Squat', 102.5, 1),
('160329_2_121328', 160329, 121328, 'Squat', 107.5, 2),
('160329_3_121328', 160329, 121328, 'Squat', 112.5, 3),
('160329_4_121328', 160329, 121328, 'Bench Press', 52.5, 4),
('160329_5_121328', 160329, 121328, 'Bench Press', 57.5, 5),
('160329_6_121328', 160329, 121328, 'Bench Press', 62.5, 6),
('160329_7_121328', 160329, 121328, 'Deadlift', 115, 7),
('160329_8_121328', 160329, 121328, 'Deadlift', 125, 8),
('160329_9_121328', 160329, 121328, 'Deadlift', 130, 9),
('156695_1_121328', 156695, 121328, 'Squat', 120, 1),
('156695_2_121328', 156695, 121328, 'Squat', 122.5, 2),
('156695_3_121328', 156695, 121328, 'Squat', 125, 3),
('156695_4_121328', 156695, 121328, 'Bench Press', 77.5, 4),
('156695_5_121328', 156695, 121328, 'Bench Press', -80, 5),
('156695_6_121328', 156695, 121328, 'Bench Press', -82.5, 6),
('156695_7_121328', 156695, 121328, 'Deadlift', 127.5, 7),
('156695_8_121328', 156695, 121328, 'Deadlift', 132.5, 8),
('156695_9_121328', 156695, 121328, 'Deadlift', 137.5, 9),
('158339_1_121328', 158339, 121328, 'Squat', -170, 1),
('158339_2_121328', 158339, 121328, 'Squat', -170, 2),
('158339_3_121328', 158339, 121328, 'Squat', 170, 3),
('158339_4_121328', 158339, 121328, 'Bench Press', 80, 4),
('158339_5_121328', 158339, 121328, 'Bench Press', 87.5, 5),
('158339_6_121328', 158339, 121328, 'Bench Press', -92.5, 6),
('158339_7_121328', 158339, 121328, 'Deadlift', 150, 7),
('158339_8_121328', 158339, 121328, 'Deadlift', 170, 8),
('158339_9_121328', 158339, 121328, 'Deadlift', 177.5, 9),
('147184_1_121328', 147184, 121328, 'Squat', 155, 1),
('147184_2_121328', 147184, 121328, 'Squat', 172.5, 2),
('147184_3_121328', 147184, 121328, 'Squat', 185, 3),
('147184_4_121328', 147184, 121328, 'Bench Press', -100, 4),
('147184_5_121328', 147184, 121328, 'Bench Press', 100, 5),
('147184_6_121328', 147184, 121328, 'Bench Press', 102.5, 6),
('147184_7_121328', 147184, 121328, 'Deadlift', 175, 7),
('147184_8_121328', 147184, 121328, 'Deadlift', 190, 8),
('147184_9_121328', 147184, 121328, 'Deadlift', 200, 9),
('140663_1_121328', 140663, 121328, 'Squat', 175, 1),
('140663_2_121328', 140663, 121328, 'Squat', 192.5, 2),
('140663_3_121328', 140663, 121328, 'Squat', -202.5, 3),
('140663_4_121328', 140663, 121328, 'Bench Press', 120, 4),
('140663_5_121328', 140663, 121328, 'Bench Press', 135, 5),
('140663_6_121328', 140663, 121328, 'Bench Press', -140, 6),
('140663_7_121328', 140663, 121328, 'Deadlift', 197.5, 7),
('140663_8_121328', 140663, 121328, 'Deadlift', 212.5, 8),
('140663_9_121328', 140663, 121328, 'Deadlift', 225, 9),
('152819_1_121328', 152819, 121328, 'Squat', 207.5, 1),
('152819_2_121328', 152819, 121328, 'Squat', -215, 2),
('152819_3_121328', 152819, 121328, 'Squat', 215, 3),
('152819_4_121328', 152819, 121328, 'Bench Press', 112.5, 4),
('152819_5_121328', 152819, 121328, 'Bench Press', 117.5, 5),
('152819_6_121328', 152819, 121328, 'Bench Press', 122.5, 6),
('152819_7_121328', 152819, 121328, 'Deadlift', 197.5, 7),
('152819_8_121328', 152819, 121328, 'Deadlift', -207.5, 8),
('152819_9_121328', 152819, 121328, 'Deadlift', 207.5, 9),
('160332_1_121328', 160332, 121328, 'Squat', 230, 1),
('160332_2_121328', 160332, 121328, 'Squat', 245, 2),
('160332_3_121328', 160332, 121328, 'Squat', 265, 3),
('160332_4_121328', 160332, 121328, 'Bench Press', 157.5, 4),
('160332_5_121328', 160332, 121328, 'Bench Press', 167.5, 5),
('160332_6_121328', 160332, 121328, 'Bench Press', 175, 6),
('160332_7_121328', 160332, 121328, 'Deadlift', 210, 7),
('160332_8_121328', 160332, 121328, 'Deadlift', 235, 8),
('160332_9_121328', 160332, 121328, 'Deadlift', 250, 9),
('134128_1_121328', 134128, 121328, 'Squat', 165, 1),
('134128_2_121328', 134128, 121328, 'Squat', 187.5, 2),
('134128_3_121328', 134128, 121328, 'Squat', 202.5, 3),
('134128_4_121328', 134128, 121328, 'Bench Press', 125, 4),
('134128_5_121328', 134128, 121328, 'Bench Press', 137.5, 5),
('134128_6_121328', 134128, 121328, 'Bench Press', 145, 6),
('134128_7_121328', 134128, 121328, 'Deadlift', 175, 7),
('134128_8_121328', 134128, 121328, 'Deadlift', 197.5, 8),
('134128_9_121328', 134128, 121328, 'Deadlift', 215, 9),
('160331_1_121328', 160331, 121328, 'Squat', 170, 1),
('160331_2_121328', 160331, 121328, 'Squat', 185, 2),
('160331_3_121328', 160331, 121328, 'Squat', 200, 3),
('160331_4_121328', 160331, 121328, 'Bench Press', 100, 4),
('160331_5_121328', 160331, 121328, 'Bench Press', 112.5, 5),
('160331_6_121328', 160331, 121328, 'Bench Press', 122.5, 6),
('160331_7_121328', 160331, 121328, 'Deadlift', 170, 7),
('160331_8_121328', 160331, 121328, 'Deadlift', 187.5, 8),
('160331_9_121328', 160331, 121328, 'Deadlift', 195, 9),
('139876_1_121328', 139876, 121328, 'Squat', 175, 1),
('139876_2_121328', 139876, 121328, 'Squat', 190, 2),
('139876_3_121328', 139876, 121328, 'Squat', 205, 3),
('139876_4_121328', 139876, 121328, 'Bench Press', 25, 4),
('139876_5_121328', 139876, 121328, 'Bench Press', -75, 5),
('139876_6_121328', 139876, 121328, 'Bench Press', -75, 6),
('139876_7_121328', 139876, 121328, 'Deadlift', 202.5, 7),
('139876_8_121328', 139876, 121328, 'Deadlift', 222.5, 8),
('139876_9_121328', 139876, 121328, 'Deadlift', 242.5, 9),
('160333_1_121328', 160333, 121328, 'Squat', 195, 1),
('160333_2_121328', 160333, 121328, 'Squat', -210, 2),
('160333_3_121328', 160333, 121328, 'Squat', 210, 3),
('160333_4_121328', 160333, 121328, 'Bench Press', 152.5, 4),
('160333_5_121328', 160333, 121328, 'Bench Press', 157.5, 5),
('160333_6_121328', 160333, 121328, 'Bench Press', -167.5, 6),
('160333_7_121328', 160333, 121328, 'Deadlift', 250, 7),
('160333_8_121328', 160333, 121328, 'Deadlift', 265, 8),
('160333_9_121328', 160333, 121328, 'Deadlift', 272.5, 9),
('149645_1_121328', 149645, 121328, 'Squat', -160, 1),
('149645_2_121328', 149645, 121328, 'Squat', 160, 2),
('149645_3_121328', 149645, 121328, 'Squat', -165, 3),
('149645_4_121328', 149645, 121328, 'Bench Press', 105, 4),
('149645_5_121328', 149645, 121328, 'Bench Press', -110, 5),
('149645_6_121328', 149645, 121328, 'Bench Press', 0, 6),
('149645_7_121328', 149645, 121328, 'Deadlift', 205, 7),
('149645_8_121328', 149645, 121328, 'Deadlift', 220, 8),
('149645_9_121328', 149645, 121328, 'Deadlift', -230, 9),
('160334_1_121328', 160334, 121328, 'Squat', 82.5, 1),
('160334_2_121328', 160334, 121328, 'Squat', 87.5, 2),
('160334_3_121328', 160334, 121328, 'Squat', 92.5, 3),
('160334_4_121328', 160334, 121328, 'Bench Press', -60, 4),
('160334_5_121328', 160334, 121328, 'Bench Press', 62.5, 5),
('160334_6_121328', 160334, 121328, 'Bench Press', -65, 6),
('160334_7_121328', 160334, 121328, 'Deadlift', 105, 7),
('160334_8_121328', 160334, 121328, 'Deadlift', 112.5, 8),
('160334_9_121328', 160334, 121328, 'Deadlift', 120, 9),
('126948_1_121328', 126948, 121328, 'Squat', 225, 1),
('126948_2_121328', 126948, 121328, 'Squat', 237.5, 2),
('126948_3_121328', 126948, 121328, 'Squat', 250, 3),
('126948_4_121328', 126948, 121328, 'Bench Press', 137.5, 4),
('126948_5_121328', 126948, 121328, 'Bench Press', 145, 5),
('126948_6_121328', 126948, 121328, 'Bench Press', -150, 6),
('126948_7_121328', 126948, 121328, 'Deadlift', 225, 7),
('126948_8_121328', 126948, 121328, 'Deadlift', 240, 8),
('126948_9_121328', 126948, 121328, 'Deadlift', 250, 9),
('131811_1_121328', 131811, 121328, 'Squat', 195, 1),
('131811_2_121328', 131811, 121328, 'Squat', 205, 2),
('131811_3_121328', 131811, 121328, 'Squat', 212.5, 3),
('131811_4_121328', 131811, 121328, 'Bench Press', 150, 4),
('131811_5_121328', 131811, 121328, 'Bench Press', 157.5, 5),
('131811_6_121328', 131811, 121328, 'Bench Press', 165, 6),
('131811_7_121328', 131811, 121328, 'Deadlift', 200, 7),
('131811_8_121328', 131811, 121328, 'Deadlift', 215, 8),
('131811_9_121328', 131811, 121328, 'Deadlift', 230, 9),
('160337_1_121328', 160337, 121328, 'Squat', 160, 1),
('160337_2_121328', 160337, 121328, 'Squat', 170, 2),
('160337_3_121328', 160337, 121328, 'Squat', 177.5, 3),
('160337_4_121328', 160337, 121328, 'Bench Press', 105, 4),
('160337_5_121328', 160337, 121328, 'Bench Press', 112.5, 5),
('160337_6_121328', 160337, 121328, 'Bench Press', 120, 6),
('160337_7_121328', 160337, 121328, 'Deadlift', 175, 7),
('160337_8_121328', 160337, 121328, 'Deadlift', 190, 8),
('160337_9_121328', 160337, 121328, 'Deadlift', 202.5, 9),
('160338_1_121328', 160338, 121328, 'Squat', 160, 1),
('160338_2_121328', 160338, 121328, 'Squat', 167.5, 2),
('160338_3_121328', 160338, 121328, 'Squat', 175, 3),
('160338_4_121328', 160338, 121328, 'Bench Press', 105, 4),
('160338_5_121328', 160338, 121328, 'Bench Press', 110, 5),
('160338_6_121328', 160338, 121328, 'Bench Press', 117.5, 6),
('160338_7_121328', 160338, 121328, 'Deadlift', 180, 7),
('160338_8_121328', 160338, 121328, 'Deadlift', 192.5, 8),
('160338_9_121328', 160338, 121328, 'Deadlift', 197.5, 9),
('160339_1_121328', 160339, 121328, 'Squat', 265, 1),
('160339_2_121328', 160339, 121328, 'Squat', 272.5, 2),
('160339_3_121328', 160339, 121328, 'Squat', -280, 3),
('160339_4_121328', 160339, 121328, 'Bench Press', 147.5, 4),
('160339_5_121328', 160339, 121328, 'Bench Press', 155, 5),
('160339_6_121328', 160339, 121328, 'Bench Press', -165, 6),
('160339_7_121328', 160339, 121328, 'Deadlift', 232.5, 7),
('160339_8_121328', 160339, 121328, 'Deadlift', 245, 8),
('160339_9_121328', 160339, 121328, 'Deadlift', -252.5, 9),
('153208_1_121328', 153208, 121328, 'Squat', 175, 1),
('153208_2_121328', 153208, 121328, 'Squat', 185, 2),
('153208_3_121328', 153208, 121328, 'Squat', -190, 3),
('153208_4_121328', 153208, 121328, 'Bench Press', 115, 4),
('153208_5_121328', 153208, 121328, 'Bench Press', -122.5, 5),
('153208_6_121328', 153208, 121328, 'Bench Press', 122.5, 6),
('153208_7_121328', 153208, 121328, 'Deadlift', 210, 7),
('153208_8_121328', 153208, 121328, 'Deadlift', 220, 8),
('153208_9_121328', 153208, 121328, 'Deadlift', -225, 9),
('160340_1_121328', 160340, 121328, 'Squat', 140, 1),
('160340_2_121328', 160340, 121328, 'Squat', 150, 2),
('160340_3_121328', 160340, 121328, 'Squat', 160, 3),
('160340_4_121328', 160340, 121328, 'Bench Press', 95, 4),
('160340_5_121328', 160340, 121328, 'Bench Press', 102.5, 5),
('160340_6_121328', 160340, 121328, 'Bench Press', 107.5, 6),
('160340_7_121328', 160340, 121328, 'Deadlift', 160, 7),
('160340_8_121328', 160340, 121328, 'Deadlift', 170, 8),
('160340_9_121328', 160340, 121328, 'Deadlift', 180, 9),
('160341_1_121328', 160341, 121328, 'Squat', 170, 1),
('160341_2_121328', 160341, 121328, 'Squat', -185, 2),
('160341_3_121328', 160341, 121328, 'Squat', 195, 3),
('160341_4_121328', 160341, 121328, 'Bench Press', 125, 4),
('160341_5_121328', 160341, 121328, 'Bench Press', 135, 5),
('160341_6_121328', 160341, 121328, 'Bench Press', -147.5, 6),
('160341_7_121328', 160341, 121328, 'Deadlift', 210, 7),
('160341_8_121328', 160341, 121328, 'Deadlift', 225, 8),
('160341_9_121328', 160341, 121328, 'Deadlift', 235, 9),
('160342_1_121328', 160342, 121328, 'Squat', 140, 1),
('160342_2_121328', 160342, 121328, 'Squat', 155, 2),
('160342_3_121328', 160342, 121328, 'Squat', 165, 3),
('160342_4_121328', 160342, 121328, 'Bench Press', 125, 4),
('160342_5_121328', 160342, 121328, 'Bench Press', -135, 5),
('160342_6_121328', 160342, 121328, 'Bench Press', 135, 6),
('160342_7_121328', 160342, 121328, 'Deadlift', 150, 7),
('160342_8_121328', 160342, 121328, 'Deadlift', 155, 8),
('160342_9_121328', 160342, 121328, 'Deadlift', 160, 9),
('149654_1_121328', 149654, 121328, 'Squat', 150, 1),
('149654_2_121328', 149654, 121328, 'Squat', 160, 2),
('149654_3_121328', 149654, 121328, 'Squat', 170, 3),
('149654_4_121328', 149654, 121328, 'Bench Press', -135, 4),
('149654_5_121328', 149654, 121328, 'Bench Press', -135, 5),
('149654_6_121328', 149654, 121328, 'Bench Press', -135, 6),
('149654_7_121328', 149654, 121328, 'Deadlift', 200, 7),
('149654_8_121328', 149654, 121328, 'Deadlift', -215, 8),
('149654_9_121328', 149654, 121328, 'Deadlift', -215, 9),
('30330_1_121328', 30330, 121328, 'Squat', 172.5, 1),
('30330_2_121328', 30330, 121328, 'Squat', 182.5, 2),
('30330_3_121328', 30330, 121328, 'Squat', 190, 3),
('30330_4_121328', 30330, 121328, 'Bench Press', 105, 4),
('30330_5_121328', 30330, 121328, 'Bench Press', 112.5, 5),
('30330_6_121328', 30330, 121328, 'Bench Press', 117.5, 6),
('30330_7_121328', 30330, 121328, 'Deadlift', 195, 7),
('30330_8_121328', 30330, 121328, 'Deadlift', 207.5, 8),
('30330_9_121328', 30330, 121328, 'Deadlift', 212.5, 9),
('146028_1_121328', 146028, 121328, 'Squat', 162.5, 1),
('146028_2_121328', 146028, 121328, 'Squat', 170, 2),
('146028_3_121328', 146028, 121328, 'Squat', 177.5, 3),
('146028_4_121328', 146028, 121328, 'Bench Press', 102.5, 4),
('146028_5_121328', 146028, 121328, 'Bench Press', -107.5, 5),
('146028_6_121328', 146028, 121328, 'Bench Press', 107.5, 6),
('146028_7_121328', 146028, 121328, 'Deadlift', 180, 7),
('146028_8_121328', 146028, 121328, 'Deadlift', 192.5, 8),
('146028_9_121328', 146028, 121328, 'Deadlift', 202.5, 9),
('157563_1_121328', 157563, 121328, 'Squat', 175, 1),
('157563_2_121328', 157563, 121328, 'Squat', 185, 2),
('157563_3_121328', 157563, 121328, 'Squat', 192.5, 3),
('157563_4_121328', 157563, 121328, 'Bench Press', 132.5, 4),
('157563_5_121328', 157563, 121328, 'Bench Press', 137.5, 5),
('157563_6_121328', 157563, 121328, 'Bench Press', -140, 6),
('157563_7_121328', 157563, 121328, 'Deadlift', 220, 7),
('157563_8_121328', 157563, 121328, 'Deadlift', 230, 8),
('157563_9_121328', 157563, 121328, 'Deadlift', 237.5, 9),
('136801_1_121328', 136801, 121328, 'Squat', 172.5, 1),
('136801_2_121328', 136801, 121328, 'Squat', 182.5, 2),
('136801_3_121328', 136801, 121328, 'Squat', -190, 3),
('136801_4_121328', 136801, 121328, 'Bench Press', 130, 4),
('136801_5_121328', 136801, 121328, 'Bench Press', 135, 5),
('136801_6_121328', 136801, 121328, 'Bench Press', 137.5, 6),
('136801_7_121328', 136801, 121328, 'Deadlift', 220, 7),
('136801_8_121328', 136801, 121328, 'Deadlift', 232.5, 8),
('136801_9_121328', 136801, 121328, 'Deadlift', 245, 9),
('48777_1_121328', 48777, 121328, 'Squat', 185, 1),
('48777_2_121328', 48777, 121328, 'Squat', 200, 2),
('48777_3_121328', 48777, 121328, 'Squat', -207.5, 3),
('48777_4_121328', 48777, 121328, 'Bench Press', 115, 4),
('48777_5_121328', 48777, 121328, 'Bench Press', 122.5, 5),
('48777_6_121328', 48777, 121328, 'Bench Press', 130, 6),
('48777_7_121328', 48777, 121328, 'Deadlift', 195, 7),
('48777_8_121328', 48777, 121328, 'Deadlift', 210, 8),
('48777_9_121328', 48777, 121328, 'Deadlift', 215, 9),
('159515_1_121328', 159515, 121328, 'Squat', 182.5, 1),
('159515_2_121328', 159515, 121328, 'Squat', 190, 2),
('159515_3_121328', 159515, 121328, 'Squat', 197.5, 3),
('159515_4_121328', 159515, 121328, 'Bench Press', 105, 4),
('159515_5_121328', 159515, 121328, 'Bench Press', 110, 5),
('159515_6_121328', 159515, 121328, 'Bench Press', -115, 6),
('159515_7_121328', 159515, 121328, 'Deadlift', 207.5, 7),
('159515_8_121328', 159515, 121328, 'Deadlift', 220, 8),
('159515_9_121328', 159515, 121328, 'Deadlift', 230, 9),
('160335_1_121328', 160335, 121328, 'Squat', 170, 1),
('160335_2_121328', 160335, 121328, 'Squat', 177.5, 2),
('160335_3_121328', 160335, 121328, 'Squat', -185, 3),
('160335_4_121328', 160335, 121328, 'Bench Press', 92.5, 4),
('160335_5_121328', 160335, 121328, 'Bench Press', 102.5, 5),
('160335_6_121328', 160335, 121328, 'Bench Press', -110, 6),
('160335_7_121328', 160335, 121328, 'Deadlift', 180, 7),
('160335_8_121328', 160335, 121328, 'Deadlift', 185, 8),
('160335_9_121328', 160335, 121328, 'Deadlift', 192.5, 9),
('160336_1_121328', 160336, 121328, 'Squat', 130, 1),
('160336_2_121328', 160336, 121328, 'Squat', 150, 2),
('160336_3_121328', 160336, 121328, 'Squat', 165, 3),
('160336_4_121328', 160336, 121328, 'Bench Press', 70, 4),
('160336_5_121328', 160336, 121328, 'Bench Press', 80, 5),
('160336_6_121328', 160336, 121328, 'Bench Press', 87.5, 6),
('160336_7_121328', 160336, 121328, 'Deadlift', 155, 7),
('160336_8_121328', 160336, 121328, 'Deadlift', 175, 8),
('160336_9_121328', 160336, 121328, 'Deadlift', 195, 9),
('160343_1_121328', 160343, 121328, 'Squat', 180, 1),
('160343_2_121328', 160343, 121328, 'Squat', 190, 2),
('160343_3_121328', 160343, 121328, 'Squat', 200, 3),
('160343_4_121328', 160343, 121328, 'Bench Press', 105, 4),
('160343_5_121328', 160343, 121328, 'Bench Press', 112.5, 5),
('160343_6_121328', 160343, 121328, 'Bench Press', -117.5, 6),
('160343_7_121328', 160343, 121328, 'Deadlift', 170, 7),
('160343_8_121328', 160343, 121328, 'Deadlift', 180, 8),
('160343_9_121328', 160343, 121328, 'Deadlift', -190, 9),
('160344_1_121328', 160344, 121328, 'Squat', 130, 1),
('160344_2_121328', 160344, 121328, 'Squat', -140, 2),
('160344_3_121328', 160344, 121328, 'Squat', 150, 3),
('160344_4_121328', 160344, 121328, 'Bench Press', 100, 4),
('160344_5_121328', 160344, 121328, 'Bench Press', -107.5, 5),
('160344_6_121328', 160344, 121328, 'Bench Press', 110, 6),
('160344_7_121328', 160344, 121328, 'Deadlift', 160, 7),
('160344_8_121328', 160344, 121328, 'Deadlift', 170, 8),
('160344_9_121328', 160344, 121328, 'Deadlift', -172.5, 9),
('160345_1_121328', 160345, 121328, 'Squat', 195, 1),
('160345_2_121328', 160345, 121328, 'Squat', 202.5, 2),
('160345_3_121328', 160345, 121328, 'Squat', 207.5, 3),
('160345_4_121328', 160345, 121328, 'Bench Press', 145, 4),
('160345_5_121328', 160345, 121328, 'Bench Press', 150, 5),
('160345_6_121328', 160345, 121328, 'Bench Press', -152.5, 6),
('160345_7_121328', 160345, 121328, 'Deadlift', 190, 7),
('160345_8_121328', 160345, 121328, 'Deadlift', 200, 8),
('160345_9_121328', 160345, 121328, 'Deadlift', 217.5, 9),
('160330_1_121328', 160330, 121328, 'Squat', -195, 1),
('160330_2_121328', 160330, 121328, 'Squat', -195, 2),
('160330_3_121328', 160330, 121328, 'Squat', -195, 3),
('160330_4_121328', 160330, 121328, 'Bench Press', 85, 4),
('160330_5_121328', 160330, 121328, 'Bench Press', -92.5, 5),
('160330_6_121328', 160330, 121328, 'Bench Press', 100, 6),
('160330_7_121328', 160330, 121328, 'Deadlift', 175, 7),
('160330_8_121328', 160330, 121328, 'Deadlift', 182.5, 8),
('160330_9_121328', 160330, 121328, 'Deadlift', 192.5, 9),
('558_1_121596', 558, 121596, 'Squat', 0, 1),
('558_2_121596', 558, 121596, 'Squat', 0, 2),
('558_3_121596', 558, 121596, 'Squat', 0, 3),
('558_4_121596', 558, 121596, 'Bench Press', 165, 4),
('558_5_121596', 558, 121596, 'Bench Press', 175, 5),
('558_6_121596', 558, 121596, 'Bench Press', -191, 6),
('558_7_121596', 558, 121596, 'Deadlift', 0, 7),
('558_8_121596', 558, 121596, 'Deadlift', 0, 8),
('558_9_121596', 558, 121596, 'Deadlift', 0, 9),
('10776_1_121596', 10776, 121596, 'Squat', 0, 1),
('10776_2_121596', 10776, 121596, 'Squat', 0, 2),
('10776_3_121596', 10776, 121596, 'Squat', 0, 3),
('10776_4_121596', 10776, 121596, 'Bench Press', 97.5, 4),
('10776_5_121596', 10776, 121596, 'Bench Press', 102.5, 5),
('10776_6_121596', 10776, 121596, 'Bench Press', -107.5, 6),
('10776_7_121596', 10776, 121596, 'Deadlift', 0, 7),
('10776_8_121596', 10776, 121596, 'Deadlift', 0, 8),
('10776_9_121596', 10776, 121596, 'Deadlift', 0, 9),
('49487_1_121596', 49487, 121596, 'Squat', 0, 1),
('49487_2_121596', 49487, 121596, 'Squat', 0, 2),
('49487_3_121596', 49487, 121596, 'Squat', 0, 3),
('49487_4_121596', 49487, 121596, 'Bench Press', 67.5, 4),
('49487_5_121596', 49487, 121596, 'Bench Press', 72.5, 5),
('49487_6_121596', 49487, 121596, 'Bench Press', 77.5, 6),
('49487_7_121596', 49487, 121596, 'Deadlift', 0, 7),
('49487_8_121596', 49487, 121596, 'Deadlift', 0, 8),
('49487_9_121596', 49487, 121596, 'Deadlift', 0, 9),
('16505_1_121596', 16505, 121596, 'Squat', 0, 1),
('16505_2_121596', 16505, 121596, 'Squat', 0, 2),
('16505_3_121596', 16505, 121596, 'Squat', 0, 3),
('16505_4_121596', 16505, 121596, 'Bench Press', 160, 4),
('16505_5_121596', 16505, 121596, 'Bench Press', 167.5, 5),
('16505_6_121596', 16505, 121596, 'Bench Press', 177.5, 6),
('16505_7_121596', 16505, 121596, 'Deadlift', 0, 7),
('16505_8_121596', 16505, 121596, 'Deadlift', 0, 8),
('16505_9_121596', 16505, 121596, 'Deadlift', 0, 9),
('134855_1_121596', 134855, 121596, 'Squat', 0, 1),
('134855_2_121596', 134855, 121596, 'Squat', 0, 2),
('134855_3_121596', 134855, 121596, 'Squat', 0, 3),
('134855_4_121596', 134855, 121596, 'Bench Press', 42.5, 4),
('134855_5_121596', 134855, 121596, 'Bench Press', 45, 5),
('134855_6_121596', 134855, 121596, 'Bench Press', 47.5, 6),
('134855_7_121596', 134855, 121596, 'Deadlift', 0, 7),
('134855_8_121596', 134855, 121596, 'Deadlift', 0, 8),
('134855_9_121596', 134855, 121596, 'Deadlift', 0, 9),
('36470_1_121596', 36470, 121596, 'Squat', 0, 1),
('36470_2_121596', 36470, 121596, 'Squat', 0, 2),
('36470_3_121596', 36470, 121596, 'Squat', 0, 3),
('36470_4_121596', 36470, 121596, 'Bench Press', 90, 4),
('36470_5_121596', 36470, 121596, 'Bench Press', 95, 5),
('36470_6_121596', 36470, 121596, 'Bench Press', -100, 6),
('36470_7_121596', 36470, 121596, 'Deadlift', 0, 7),
('36470_8_121596', 36470, 121596, 'Deadlift', 0, 8),
('36470_9_121596', 36470, 121596, 'Deadlift', 0, 9),
('128000_1_121596', 128000, 121596, 'Squat', 0, 1),
('128000_2_121596', 128000, 121596, 'Squat', 0, 2),
('128000_3_121596', 128000, 121596, 'Squat', 0, 3),
('128000_4_121596', 128000, 121596, 'Bench Press', 85, 4),
('128000_5_121596', 128000, 121596, 'Bench Press', 90, 5),
('128000_6_121596', 128000, 121596, 'Bench Press', -92.5, 6),
('128000_7_121596', 128000, 121596, 'Deadlift', 0, 7),
('128000_8_121596', 128000, 121596, 'Deadlift', 0, 8),
('128000_9_121596', 128000, 121596, 'Deadlift', 0, 9),
('32116_1_121596', 32116, 121596, 'Squat', 0, 1),
('32116_2_121596', 32116, 121596, 'Squat', 0, 2),
('32116_3_121596', 32116, 121596, 'Squat', 0, 3),
('32116_4_121596', 32116, 121596, 'Bench Press', 125, 4),
('32116_5_121596', 32116, 121596, 'Bench Press', -127.5, 5),
('32116_6_121596', 32116, 121596, 'Bench Press', -127.5, 6),
('32116_7_121596', 32116, 121596, 'Deadlift', 0, 7),
('32116_8_121596', 32116, 121596, 'Deadlift', 0, 8),
('32116_9_121596', 32116, 121596, 'Deadlift', 0, 9),
('133033_1_121596', 133033, 121596, 'Squat', 0, 1),
('133033_2_121596', 133033, 121596, 'Squat', 0, 2),
('133033_3_121596', 133033, 121596, 'Squat', 0, 3),
('133033_4_121596', 133033, 121596, 'Bench Press', 100, 4),
('133033_5_121596', 133033, 121596, 'Bench Press', 107.5, 5),
('133033_6_121596', 133033, 121596, 'Bench Press', -112.5, 6),
('133033_7_121596', 133033, 121596, 'Deadlift', 0, 7),
('133033_8_121596', 133033, 121596, 'Deadlift', 0, 8),
('133033_9_121596', 133033, 121596, 'Deadlift', 0, 9),
('122997_1_121596', 122997, 121596, 'Squat', 0, 1),
('122997_2_121596', 122997, 121596, 'Squat', 0, 2),
('122997_3_121596', 122997, 121596, 'Squat', 0, 3),
('122997_4_121596', 122997, 121596, 'Bench Press', 112.5, 4),
('122997_5_121596', 122997, 121596, 'Bench Press', 117.5, 5),
('122997_6_121596', 122997, 121596, 'Bench Press', 120, 6),
('122997_7_121596', 122997, 121596, 'Deadlift', 0, 7),
('122997_8_121596', 122997, 121596, 'Deadlift', 0, 8),
('122997_9_121596', 122997, 121596, 'Deadlift', 0, 9),
('62644_1_121596', 62644, 121596, 'Squat', 0, 1),
('62644_2_121596', 62644, 121596, 'Squat', 0, 2),
('62644_3_121596', 62644, 121596, 'Squat', 0, 3),
('62644_4_121596', 62644, 121596, 'Bench Press', 97.5, 4),
('62644_5_121596', 62644, 121596, 'Bench Press', 102.5, 5),
('62644_6_121596', 62644, 121596, 'Bench Press', 105, 6),
('62644_7_121596', 62644, 121596, 'Deadlift', 0, 7),
('62644_8_121596', 62644, 121596, 'Deadlift', 0, 8),
('62644_9_121596', 62644, 121596, 'Deadlift', 0, 9),
('138938_1_121596', 138938, 121596, 'Squat', 0, 1),
('138938_2_121596', 138938, 121596, 'Squat', 0, 2),
('138938_3_121596', 138938, 121596, 'Squat', 0, 3),
('138938_4_121596', 138938, 121596, 'Bench Press', 92.5, 4),
('138938_5_121596', 138938, 121596, 'Bench Press', -97.5, 5),
('138938_6_121596', 138938, 121596, 'Bench Press', -100, 6),
('138938_7_121596', 138938, 121596, 'Deadlift', 0, 7),
('138938_8_121596', 138938, 121596, 'Deadlift', 0, 8),
('138938_9_121596', 138938, 121596, 'Deadlift', 0, 9),
('895_1_121596', 895, 121596, 'Squat', 0, 1),
('895_2_121596', 895, 121596, 'Squat', 0, 2),
('895_3_121596', 895, 121596, 'Squat', 0, 3),
('895_4_121596', 895, 121596, 'Bench Press', 265, 4),
('895_5_121596', 895, 121596, 'Bench Press', 272.5, 5),
('895_6_121596', 895, 121596, 'Bench Press', 285, 6),
('895_7_121596', 895, 121596, 'Deadlift', 0, 7),
('895_8_121596', 895, 121596, 'Deadlift', 0, 8),
('895_9_121596', 895, 121596, 'Deadlift', 0, 9),
('13386_1_121596', 13386, 121596, 'Squat', 0, 1),
('13386_2_121596', 13386, 121596, 'Squat', 0, 2),
('13386_3_121596', 13386, 121596, 'Squat', 0, 3),
('13386_4_121596', 13386, 121596, 'Bench Press', 197.5, 4),
('13386_5_121596', 13386, 121596, 'Bench Press', 210, 5),
('13386_6_121596', 13386, 121596, 'Bench Press', -227.5, 6),
('13386_7_121596', 13386, 121596, 'Deadlift', 0, 7),
('13386_8_121596', 13386, 121596, 'Deadlift', 0, 8),
('13386_9_121596', 13386, 121596, 'Deadlift', 0, 9),
('134856_1_121596', 134856, 121596, 'Squat', 0, 1),
('134856_2_121596', 134856, 121596, 'Squat', 0, 2),
('134856_3_121596', 134856, 121596, 'Squat', 0, 3),
('134856_4_121596', 134856, 121596, 'Bench Press', 155, 4),
('134856_5_121596', 134856, 121596, 'Bench Press', 160, 5),
('134856_6_121596', 134856, 121596, 'Bench Press', 165, 6),
('134856_7_121596', 134856, 121596, 'Deadlift', 0, 7),
('134856_8_121596', 134856, 121596, 'Deadlift', 0, 8),
('134856_9_121596', 134856, 121596, 'Deadlift', 0, 9),
('16904_1_121596', 16904, 121596, 'Squat', 0, 1),
('16904_2_121596', 16904, 121596, 'Squat', 0, 2),
('16904_3_121596', 16904, 121596, 'Squat', 0, 3),
('16904_4_121596', 16904, 121596, 'Bench Press', 125, 4),
('16904_5_121596', 16904, 121596, 'Bench Press', 130, 5),
('16904_6_121596', 16904, 121596, 'Bench Press', -135, 6),
('16904_7_121596', 16904, 121596, 'Deadlift', 0, 7),
('16904_8_121596', 16904, 121596, 'Deadlift', 0, 8),
('16904_9_121596', 16904, 121596, 'Deadlift', 0, 9),
('131553_1_121596', 131553, 121596, 'Squat', 0, 1),
('131553_2_121596', 131553, 121596, 'Squat', 0, 2),
('131553_3_121596', 131553, 121596, 'Squat', 0, 3),
('131553_4_121596', 131553, 121596, 'Bench Press', 195, 4),
('131553_5_121596', 131553, 121596, 'Bench Press', 210, 5),
('131553_6_121596', 131553, 121596, 'Bench Press', -225, 6),
('131553_7_121596', 131553, 121596, 'Deadlift', 0, 7),
('131553_8_121596', 131553, 121596, 'Deadlift', 0, 8),
('131553_9_121596', 131553, 121596, 'Deadlift', 0, 9),
('37423_1_121596', 37423, 121596, 'Squat', 0, 1),
('37423_2_121596', 37423, 121596, 'Squat', 0, 2),
('37423_3_121596', 37423, 121596, 'Squat', 0, 3),
('37423_4_121596', 37423, 121596, 'Bench Press', 265, 4),
('37423_5_121596', 37423, 121596, 'Bench Press', 277.5, 5),
('37423_6_121596', 37423, 121596, 'Bench Press', 287.5, 6),
('37423_7_121596', 37423, 121596, 'Deadlift', 0, 7),
('37423_8_121596', 37423, 121596, 'Deadlift', 0, 8),
('37423_9_121596', 37423, 121596, 'Deadlift', 0, 9),
('127481_1_121596', 127481, 121596, 'Squat', 0, 1),
('127481_2_121596', 127481, 121596, 'Squat', 0, 2),
('127481_3_121596', 127481, 121596, 'Squat', 0, 3),
('127481_4_121596', 127481, 121596, 'Bench Press', 260, 4),
('127481_5_121596', 127481, 121596, 'Bench Press', -272.5, 5),
('127481_6_121596', 127481, 121596, 'Bench Press', -280, 6),
('127481_7_121596', 127481, 121596, 'Deadlift', 0, 7),
('127481_8_121596', 127481, 121596, 'Deadlift', 0, 8),
('127481_9_121596', 127481, 121596, 'Deadlift', 0, 9),
('50502_1_121596', 50502, 121596, 'Squat', 0, 1),
('50502_2_121596', 50502, 121596, 'Squat', 0, 2),
('50502_3_121596', 50502, 121596, 'Squat', 0, 3),
('50502_4_121596', 50502, 121596, 'Bench Press', 215, 4),
('50502_5_121596', 50502, 121596, 'Bench Press', 222.5, 5),
('50502_6_121596', 50502, 121596, 'Bench Press', -245, 6),
('50502_7_121596', 50502, 121596, 'Deadlift', 0, 7),
('50502_8_121596', 50502, 121596, 'Deadlift', 0, 8),
('50502_9_121596', 50502, 121596, 'Deadlift', 0, 9),
('28513_1_121596', 28513, 121596, 'Squat', 0, 1),
('28513_2_121596', 28513, 121596, 'Squat', 0, 2),
('28513_3_121596', 28513, 121596, 'Squat', 0, 3),
('28513_4_121596', 28513, 121596, 'Bench Press', -210, 4),
('28513_5_121596', 28513, 121596, 'Bench Press', -210, 5),
('28513_6_121596', 28513, 121596, 'Bench Press', -220, 6),
('28513_7_121596', 28513, 121596, 'Deadlift', 0, 7),
('28513_8_121596', 28513, 121596, 'Deadlift', 0, 8),
('28513_9_121596', 28513, 121596, 'Deadlift', 0, 9),
('49939_1_121596', 49939, 121596, 'Squat', 0, 1),
('49939_2_121596', 49939, 121596, 'Squat', 0, 2),
('49939_3_121596', 49939, 121596, 'Squat', 0, 3),
('49939_4_121596', 49939, 121596, 'Bench Press', 212.5, 4),
('49939_5_121596', 49939, 121596, 'Bench Press', -217.5, 5),
('49939_6_121596', 49939, 121596, 'Bench Press', -217.5, 6),
('49939_7_121596', 49939, 121596, 'Deadlift', 0, 7),
('49939_8_121596', 49939, 121596, 'Deadlift', 0, 8),
('49939_9_121596', 49939, 121596, 'Deadlift', 0, 9),
('143885_1_121596', 143885, 121596, 'Squat', 0, 1),
('143885_2_121596', 143885, 121596, 'Squat', 0, 2),
('143885_3_121596', 143885, 121596, 'Squat', 0, 3),
('143885_4_121596', 143885, 121596, 'Bench Press', 222.5, 4),
('143885_5_121596', 143885, 121596, 'Bench Press', -227.5, 5),
('143885_6_121596', 143885, 121596, 'Bench Press', -227.5, 6),
('143885_7_121596', 143885, 121596, 'Deadlift', 0, 7),
('143885_8_121596', 143885, 121596, 'Deadlift', 0, 8),
('143885_9_121596', 143885, 121596, 'Deadlift', 0, 9),
('36839_1_121596', 36839, 121596, 'Squat', 0, 1),
('36839_2_121596', 36839, 121596, 'Squat', 0, 2),
('36839_3_121596', 36839, 121596, 'Squat', 0, 3),
('36839_4_121596', 36839, 121596, 'Bench Press', 142.5, 4),
('36839_5_121596', 36839, 121596, 'Bench Press', 155, 5),
('36839_6_121596', 36839, 121596, 'Bench Press', 160, 6),
('36839_7_121596', 36839, 121596, 'Deadlift', 0, 7),
('36839_8_121596', 36839, 121596, 'Deadlift', 0, 8),
('36839_9_121596', 36839, 121596, 'Deadlift', 0, 9),
('1632_1_121596', 1632, 121596, 'Squat', 0, 1),
('1632_2_121596', 1632, 121596, 'Squat', 0, 2),
('1632_3_121596', 1632, 121596, 'Squat', 0, 3),
('1632_4_121596', 1632, 121596, 'Bench Press', 207.5, 4),
('1632_5_121596', 1632, 121596, 'Bench Press', 222.5, 5),
('1632_6_121596', 1632, 121596, 'Bench Press', -225, 6),
('1632_7_121596', 1632, 121596, 'Deadlift', 0, 7),
('1632_8_121596', 1632, 121596, 'Deadlift', 0, 8),
('1632_9_121596', 1632, 121596, 'Deadlift', 0, 9),
('4472_1_121596', 4472, 121596, 'Squat', 0, 1),
('4472_2_121596', 4472, 121596, 'Squat', 0, 2),
('4472_3_121596', 4472, 121596, 'Squat', 0, 3),
('4472_4_121596', 4472, 121596, 'Bench Press', 247.5, 4),
('4472_5_121596', 4472, 121596, 'Bench Press', 255, 5),
('4472_6_121596', 4472, 121596, 'Bench Press', 260, 6),
('4472_7_121596', 4472, 121596, 'Deadlift', 0, 7),
('4472_8_121596', 4472, 121596, 'Deadlift', 0, 8),
('4472_9_121596', 4472, 121596, 'Deadlift', 0, 9),
('13703_1_121596', 13703, 121596, 'Squat', -160, 1),
('13703_2_121596', 13703, 121596, 'Squat', 160, 2),
('13703_3_121596', 13703, 121596, 'Squat', 170, 3),
('13703_4_121596', 13703, 121596, 'Bench Press', -120, 4),
('13703_5_121596', 13703, 121596, 'Bench Press', 120, 5),
('13703_6_121596', 13703, 121596, 'Bench Press', 125, 6),
('13703_7_121596', 13703, 121596, 'Deadlift', 170, 7),
('13703_8_121596', 13703, 121596, 'Deadlift', 180, 8),
('13703_9_121596', 13703, 121596, 'Deadlift', 190, 9),
('4169_1_121596', 4169, 121596, 'Squat', 210, 1),
('4169_2_121596', 4169, 121596, 'Squat', 217.5, 2),
('4169_3_121596', 4169, 121596, 'Squat', 222.5, 3),
('4169_4_121596', 4169, 121596, 'Bench Press', 120, 4),
('4169_5_121596', 4169, 121596, 'Bench Press', -127.5, 5),
('4169_6_121596', 4169, 121596, 'Bench Press', 127.5, 6),
('4169_7_121596', 4169, 121596, 'Deadlift', 215, 7),
('4169_8_121596', 4169, 121596, 'Deadlift', 222.5, 8),
('4169_9_121596', 4169, 121596, 'Deadlift', 230, 9),
('5742_1_121596', 5742, 121596, 'Squat', -212.5, 1),
('5742_2_121596', 5742, 121596, 'Squat', -212.5, 2),
('5742_3_121596', 5742, 121596, 'Squat', 212.5, 3),
('5742_4_121596', 5742, 121596, 'Bench Press', 142.5, 4),
('5742_5_121596', 5742, 121596, 'Bench Press', 150, 5),
('5742_6_121596', 5742, 121596, 'Bench Press', 157.5, 6),
('5742_7_121596', 5742, 121596, 'Deadlift', 170, 7),
('5742_8_121596', 5742, 121596, 'Deadlift', 195, 8),
('5742_9_121596', 5742, 121596, 'Deadlift', 210, 9),
('50011_1_121596', 50011, 121596, 'Squat', 165, 1),
('50011_2_121596', 50011, 121596, 'Squat', -170, 2),
('50011_3_121596', 50011, 121596, 'Squat', -177.5, 3),
('50011_4_121596', 50011, 121596, 'Bench Press', 85, 4),
('50011_5_121596', 50011, 121596, 'Bench Press', -92.5, 5),
('50011_6_121596', 50011, 121596, 'Bench Press', -92.5, 6),
('50011_7_121596', 50011, 121596, 'Deadlift', 165, 7),
('50011_8_121596', 50011, 121596, 'Deadlift', 170, 8),
('50011_9_121596', 50011, 121596, 'Deadlift', 175, 9),
('52448_1_121596', 52448, 121596, 'Squat', 197.5, 1),
('52448_2_121596', 52448, 121596, 'Squat', 205, 2),
('52448_3_121596', 52448, 121596, 'Squat', -217.5, 3),
('52448_4_121596', 52448, 121596, 'Bench Press', 130, 4),
('52448_5_121596', 52448, 121596, 'Bench Press', 137.5, 5),
('52448_6_121596', 52448, 121596, 'Bench Press', 142.5, 6),
('52448_7_121596', 52448, 121596, 'Deadlift', 160, 7),
('52448_8_121596', 52448, 121596, 'Deadlift', 172.5, 8),
('52448_9_121596', 52448, 121596, 'Deadlift', 180, 9),
('126049_1_121596', 126049, 121596, 'Squat', 297.5, 1),
('126049_2_121596', 126049, 121596, 'Squat', -305, 2),
('126049_3_121596', 126049, 121596, 'Squat', 305, 3),
('126049_4_121596', 126049, 121596, 'Bench Press', 175, 4),
('126049_5_121596', 126049, 121596, 'Bench Press', -185, 5),
('126049_6_121596', 126049, 121596, 'Bench Press', 185, 6),
('126049_7_121596', 126049, 121596, 'Deadlift', 215, 7),
('126049_8_121596', 126049, 121596, 'Deadlift', 230, 8),
('126049_9_121596', 126049, 121596, 'Deadlift', 237.5, 9),
('59405_1_121596', 59405, 121596, 'Squat', -260, 1),
('59405_2_121596', 59405, 121596, 'Squat', -265, 2),
('59405_3_121596', 59405, 121596, 'Squat', 265, 3),
('59405_4_121596', 59405, 121596, 'Bench Press', 140, 4),
('59405_5_121596', 59405, 121596, 'Bench Press', 150, 5),
('59405_6_121596', 59405, 121596, 'Bench Press', -162.5, 6),
('59405_7_121596', 59405, 121596, 'Deadlift', 175, 7),
('59405_8_121596', 59405, 121596, 'Deadlift', -187.5, 8),
('59405_9_121596', 59405, 121596, 'Deadlift', -187.5, 9),
('3423_1_121596', 3423, 121596, 'Squat', 152.5, 1),
('3423_2_121596', 3423, 121596, 'Squat', -165, 2),
('3423_3_121596', 3423, 121596, 'Squat', 172.5, 3),
('3423_4_121596', 3423, 121596, 'Bench Press', 132.5, 4),
('3423_5_121596', 3423, 121596, 'Bench Press', 140, 5),
('3423_6_121596', 3423, 121596, 'Bench Press', 147.5, 6),
('3423_7_121596', 3423, 121596, 'Deadlift', 167.5, 7),
('3423_8_121596', 3423, 121596, 'Deadlift', 180, 8),
('3423_9_121596', 3423, 121596, 'Deadlift', 190, 9),
('59209_1_121596', 59209, 121596, 'Squat', 110, 1),
('59209_2_121596', 59209, 121596, 'Squat', 115, 2),
('59209_3_121596', 59209, 121596, 'Squat', -117.5, 3),
('59209_4_121596', 59209, 121596, 'Bench Press', 65, 4),
('59209_5_121596', 59209, 121596, 'Bench Press', 67.5, 5),
('59209_6_121596', 59209, 121596, 'Bench Press', 70, 6),
('59209_7_121596', 59209, 121596, 'Deadlift', 140, 7),
('59209_8_121596', 59209, 121596, 'Deadlift', 150, 8),
('59209_9_121596', 59209, 121596, 'Deadlift', -157.5, 9),
('25179_1_121596', 25179, 121596, 'Squat', -70, 1),
('25179_2_121596', 25179, 121596, 'Squat', 70, 2),
('25179_3_121596', 25179, 121596, 'Squat', 75, 3),
('25179_4_121596', 25179, 121596, 'Bench Press', 55, 4),
('25179_5_121596', 25179, 121596, 'Bench Press', 57.5, 5),
('25179_6_121596', 25179, 121596, 'Bench Press', -60, 6),
('25179_7_121596', 25179, 121596, 'Deadlift', 110, 7),
('25179_8_121596', 25179, 121596, 'Deadlift', -115, 8),
('25179_9_121596', 25179, 121596, 'Deadlift', -115, 9),
('17525_1_121596', 17525, 121596, 'Squat', 115, 1),
('17525_2_121596', 17525, 121596, 'Squat', 120, 2),
('17525_3_121596', 17525, 121596, 'Squat', -125, 3),
('17525_4_121596', 17525, 121596, 'Bench Press', 82.5, 4),
('17525_5_121596', 17525, 121596, 'Bench Press', -87.5, 5),
('17525_6_121596', 17525, 121596, 'Bench Press', -87.5, 6),
('17525_7_121596', 17525, 121596, 'Deadlift', 147.5, 7),
('17525_8_121596', 17525, 121596, 'Deadlift', 155, 8),
('17525_9_121596', 17525, 121596, 'Deadlift', -162.5, 9),
('120484_1_121596', 120484, 121596, 'Squat', 112.5, 1),
('120484_2_121596', 120484, 121596, 'Squat', -115, 2),
('120484_3_121596', 120484, 121596, 'Squat', 115, 3),
('120484_4_121596', 120484, 121596, 'Bench Press', 67.5, 4),
('120484_5_121596', 120484, 121596, 'Bench Press', 70, 5),
('120484_6_121596', 120484, 121596, 'Bench Press', -72.5, 6),
('120484_7_121596', 120484, 121596, 'Deadlift', 145, 7),
('120484_8_121596', 120484, 121596, 'Deadlift', 147.5, 8),
('120484_9_121596', 120484, 121596, 'Deadlift', -152.5, 9),
('5071_1_121596', 5071, 121596, 'Squat', 130, 1),
('5071_2_121596', 5071, 121596, 'Squat', -137.5, 2),
('5071_3_121596', 5071, 121596, 'Squat', 137.5, 3),
('5071_4_121596', 5071, 121596, 'Bench Press', 75, 4),
('5071_5_121596', 5071, 121596, 'Bench Press', 77.5, 5),
('5071_6_121596', 5071, 121596, 'Bench Press', 80, 6),
('5071_7_121596', 5071, 121596, 'Deadlift', 142.5, 7),
('5071_8_121596', 5071, 121596, 'Deadlift', 150, 8),
('5071_9_121596', 5071, 121596, 'Deadlift', 160, 9),
('128080_1_121596', 128080, 121596, 'Squat', 165, 1),
('128080_2_121596', 128080, 121596, 'Squat', 170, 2),
('128080_3_121596', 128080, 121596, 'Squat', 175, 3),
('128080_4_121596', 128080, 121596, 'Bench Press', 117.5, 4),
('128080_5_121596', 128080, 121596, 'Bench Press', 122.5, 5),
('128080_6_121596', 128080, 121596, 'Bench Press', 125, 6),
('128080_7_121596', 128080, 121596, 'Deadlift', 185, 7),
('128080_8_121596', 128080, 121596, 'Deadlift', 195, 8),
('128080_9_121596', 128080, 121596, 'Deadlift', 202.5, 9),
('126408_1_121596', 126408, 121596, 'Squat', 125, 1),
('126408_2_121596', 126408, 121596, 'Squat', 137.5, 2),
('126408_3_121596', 126408, 121596, 'Squat', -145, 3),
('126408_4_121596', 126408, 121596, 'Bench Press', 75, 4),
('126408_5_121596', 126408, 121596, 'Bench Press', 82.5, 5),
('126408_6_121596', 126408, 121596, 'Bench Press', 87.5, 6),
('126408_7_121596', 126408, 121596, 'Deadlift', 172.5, 7),
('126408_8_121596', 126408, 121596, 'Deadlift', 185, 8),
('126408_9_121596', 126408, 121596, 'Deadlift', -190, 9),
('44371_1_121596', 44371, 121596, 'Squat', 177.5, 1),
('44371_2_121596', 44371, 121596, 'Squat', 187.5, 2),
('44371_3_121596', 44371, 121596, 'Squat', 197.5, 3),
('44371_4_121596', 44371, 121596, 'Bench Press', 115, 4),
('44371_5_121596', 44371, 121596, 'Bench Press', 120, 5),
('44371_6_121596', 44371, 121596, 'Bench Press', 125, 6),
('44371_7_121596', 44371, 121596, 'Deadlift', 172.5, 7),
('44371_8_121596', 44371, 121596, 'Deadlift', 182.5, 8),
('44371_9_121596', 44371, 121596, 'Deadlift', 187.5, 9),
('56118_1_121596', 56118, 121596, 'Squat', 187.5, 1),
('56118_2_121596', 56118, 121596, 'Squat', 202.5, 2),
('56118_3_121596', 56118, 121596, 'Squat', -213, 3),
('56118_4_121596', 56118, 121596, 'Bench Press', 117.5, 4),
('56118_5_121596', 56118, 121596, 'Bench Press', 125, 5),
('56118_6_121596', 56118, 121596, 'Bench Press', 130, 6),
('56118_7_121596', 56118, 121596, 'Deadlift', 195, 7),
('56118_8_121596', 56118, 121596, 'Deadlift', 210, 8),
('56118_9_121596', 56118, 121596, 'Deadlift', -220, 9),
('126404_1_121596', 126404, 121596, 'Squat', 160, 1),
('126404_2_121596', 126404, 121596, 'Squat', 172.5, 2),
('126404_3_121596', 126404, 121596, 'Squat', -180, 3),
('126404_4_121596', 126404, 121596, 'Bench Press', 82.5, 4),
('126404_5_121596', 126404, 121596, 'Bench Press', 90, 5),
('126404_6_121596', 126404, 121596, 'Bench Press', 95, 6),
('126404_7_121596', 126404, 121596, 'Deadlift', 170, 7),
('126404_8_121596', 126404, 121596, 'Deadlift', 185, 8),
('126404_9_121596', 126404, 121596, 'Deadlift', -195, 9),
('35963_1_121596', 35963, 121596, 'Squat', 300, 1),
('35963_2_121596', 35963, 121596, 'Squat', 320, 2),
('35963_3_121596', 35963, 121596, 'Squat', -330, 3),
('35963_4_121596', 35963, 121596, 'Bench Press', -220, 4),
('35963_5_121596', 35963, 121596, 'Bench Press', 220, 5),
('35963_6_121596', 35963, 121596, 'Bench Press', 232.5, 6),
('35963_7_121596', 35963, 121596, 'Deadlift', 280, 7),
('35963_8_121596', 35963, 121596, 'Deadlift', 290, 8),
('35963_9_121596', 35963, 121596, 'Deadlift', -297.5, 9),
('3172_1_121596', 3172, 121596, 'Squat', 210, 1),
('3172_2_121596', 3172, 121596, 'Squat', 215, 2),
('3172_3_121596', 3172, 121596, 'Squat', 222.5, 3),
('3172_4_121596', 3172, 121596, 'Bench Press', 152.5, 4),
('3172_5_121596', 3172, 121596, 'Bench Press', -160, 5),
('3172_6_121596', 3172, 121596, 'Bench Press', 162.5, 6),
('3172_7_121596', 3172, 121596, 'Deadlift', 202.5, 7),
('3172_8_121596', 3172, 121596, 'Deadlift', 215, 8),
('3172_9_121596', 3172, 121596, 'Deadlift', -220, 9),
('123449_1_121596', 123449, 121596, 'Squat', 380, 1),
('123449_2_121596', 123449, 121596, 'Squat', 400, 2),
('123449_3_121596', 123449, 121596, 'Squat', -410, 3),
('123449_4_121596', 123449, 121596, 'Bench Press', 260, 4),
('123449_5_121596', 123449, 121596, 'Bench Press', 275, 5),
('123449_6_121596', 123449, 121596, 'Bench Press', -285, 6),
('123449_7_121596', 123449, 121596, 'Deadlift', -325, 7),
('123449_8_121596', 123449, 121596, 'Deadlift', 325, 8),
('123449_9_121596', 123449, 121596, 'Deadlift', 341.5, 9),
('123205_1_121596', 123205, 121596, 'Squat', 372.5, 1),
('123205_2_121596', 123205, 121596, 'Squat', 387.5, 2),
('123205_3_121596', 123205, 121596, 'Squat', 400, 3),
('123205_4_121596', 123205, 121596, 'Bench Press', 275, 4),
('123205_5_121596', 123205, 121596, 'Bench Press', 285, 5),
('123205_6_121596', 123205, 121596, 'Bench Press', 293, 6),
('123205_7_121596', 123205, 121596, 'Deadlift', 300, 7),
('123205_8_121596', 123205, 121596, 'Deadlift', 315, 8),
('123205_9_121596', 123205, 121596, 'Deadlift', 341, 9),
('34332_1_121596', 34332, 121596, 'Squat', 302.5, 1),
('34332_2_121596', 34332, 121596, 'Squat', -315, 2),
('34332_3_121596', 34332, 121596, 'Squat', 320, 3),
('34332_4_121596', 34332, 121596, 'Bench Press', 227.5, 4),
('34332_5_121596', 34332, 121596, 'Bench Press', -240, 5),
('34332_6_121596', 34332, 121596, 'Bench Press', 252.5, 6),
('34332_7_121596', 34332, 121596, 'Deadlift', 272.5, 7),
('34332_8_121596', 34332, 121596, 'Deadlift', 285, 8),
('34332_9_121596', 34332, 121596, 'Deadlift', 292.5, 9),
('16930_1_121596', 16930, 121596, 'Squat', 245, 1),
('16930_2_121596', 16930, 121596, 'Squat', 250, 2),
('16930_3_121596', 16930, 121596, 'Squat', -255, 3),
('16930_4_121596', 16930, 121596, 'Bench Press', -150, 4),
('16930_5_121596', 16930, 121596, 'Bench Press', -150, 5),
('16930_6_121596', 16930, 121596, 'Bench Press', -150, 6),
('16930_7_121596', 16930, 121596, 'Deadlift', 185, 7),
('16930_8_121596', 16930, 121596, 'Deadlift', 0, 8),
('16930_9_121596', 16930, 121596, 'Deadlift', 0, 9),
('562_1_121596', 562, 121596, 'Squat', 217.5, 1),
('562_2_121596', 562, 121596, 'Squat', 230, 2),
('562_3_121596', 562, 121596, 'Squat', 235, 3),
('562_4_121596', 562, 121596, 'Bench Press', 130, 4),
('562_5_121596', 562, 121596, 'Bench Press', 132.5, 5),
('562_6_121596', 562, 121596, 'Bench Press', -135, 6),
('562_7_121596', 562, 121596, 'Deadlift', 255, 7),
('562_8_121596', 562, 121596, 'Deadlift', -275, 8),
('562_9_121596', 562, 121596, 'Deadlift', -275, 9),
('12228_1_121596', 12228, 121596, 'Squat', 212.5, 1),
('12228_2_121596', 12228, 121596, 'Squat', 217.5, 2),
('12228_3_121596', 12228, 121596, 'Squat', 220, 3),
('12228_4_121596', 12228, 121596, 'Bench Press', 112.5, 4),
('12228_5_121596', 12228, 121596, 'Bench Press', 117.5, 5),
('12228_6_121596', 12228, 121596, 'Bench Press', -122.5, 6),
('12228_7_121596', 12228, 121596, 'Deadlift', 232.5, 7),
('12228_8_121596', 12228, 121596, 'Deadlift', 240, 8),
('12228_9_121596', 12228, 121596, 'Deadlift', -245, 9),
('56181_1_121596', 56181, 121596, 'Squat', -267.5, 1),
('56181_2_121596', 56181, 121596, 'Squat', 267.5, 2),
('56181_3_121596', 56181, 121596, 'Squat', -272.5, 3),
('56181_4_121596', 56181, 121596, 'Bench Press', 145, 4),
('56181_5_121596', 56181, 121596, 'Bench Press', -150, 5),
('56181_6_121596', 56181, 121596, 'Bench Press', -150, 6),
('56181_7_121596', 56181, 121596, 'Deadlift', 247.5, 7),
('56181_8_121596', 56181, 121596, 'Deadlift', 265, 8),
('56181_9_121596', 56181, 121596, 'Deadlift', 272.5, 9),
('9136_1_121596', 9136, 121596, 'Squat', 170, 1),
('9136_2_121596', 9136, 121596, 'Squat', 182.5, 2),
('9136_3_121596', 9136, 121596, 'Squat', 195, 3),
('9136_4_121596', 9136, 121596, 'Bench Press', 90, 4),
('9136_5_121596', 9136, 121596, 'Bench Press', 95, 5),
('9136_6_121596', 9136, 121596, 'Bench Press', 100, 6),
('9136_7_121596', 9136, 121596, 'Deadlift', 172.5, 7),
('9136_8_121596', 9136, 121596, 'Deadlift', 182.5, 8),
('9136_9_121596', 9136, 121596, 'Deadlift', 192.5, 9),
('152336_1_121596', 152336, 121596, 'Squat', 275, 1),
('152336_2_121596', 152336, 121596, 'Squat', 290, 2),
('152336_3_121596', 152336, 121596, 'Squat', 0, 3),
('152336_4_121596', 152336, 121596, 'Bench Press', 170, 4),
('152336_5_121596', 152336, 121596, 'Bench Press', -175, 5),
('152336_6_121596', 152336, 121596, 'Bench Press', 0, 6),
('152336_7_121596', 152336, 121596, 'Deadlift', 320, 7),
('152336_8_121596', 152336, 121596, 'Deadlift', 350, 8),
('152336_9_121596', 152336, 121596, 'Deadlift', -360, 9),
('137824_1_121596', 137824, 121596, 'Squat', 195, 1),
('137824_2_121596', 137824, 121596, 'Squat', -207.5, 2),
('137824_3_121596', 137824, 121596, 'Squat', -207.5, 3),
('137824_4_121596', 137824, 121596, 'Bench Press', 112.5, 4),
('137824_5_121596', 137824, 121596, 'Bench Press', 117.5, 5),
('137824_6_121596', 137824, 121596, 'Bench Press', -122.5, 6),
('137824_7_121596', 137824, 121596, 'Deadlift', 220, 7),
('137824_8_121596', 137824, 121596, 'Deadlift', 237.5, 8),
('137824_9_121596', 137824, 121596, 'Deadlift', -242.5, 9),
('55343_1_121596', 55343, 121596, 'Squat', 265, 1),
('55343_2_121596', 55343, 121596, 'Squat', 277.5, 2),
('55343_3_121596', 55343, 121596, 'Squat', 282.5, 3),
('55343_4_121596', 55343, 121596, 'Bench Press', 205, 4),
('55343_5_121596', 55343, 121596, 'Bench Press', 210, 5),
('55343_6_121596', 55343, 121596, 'Bench Press', 212.5, 6),
('55343_7_121596', 55343, 121596, 'Deadlift', 270, 7),
('55343_8_121596', 55343, 121596, 'Deadlift', 290, 8),
('55343_9_121596', 55343, 121596, 'Deadlift', 297.5, 9),
('1728_1_121596', 1728, 121596, 'Squat', 130, 1),
('1728_2_121596', 1728, 121596, 'Squat', 145, 2),
('1728_3_121596', 1728, 121596, 'Squat', 155, 3),
('1728_4_121596', 1728, 121596, 'Bench Press', -87.5, 4),
('1728_5_121596', 1728, 121596, 'Bench Press', -87.5, 5),
('1728_6_121596', 1728, 121596, 'Bench Press', -87.5, 6),
('1728_7_121596', 1728, 121596, 'Deadlift', 230, 7),
('1728_8_121596', 1728, 121596, 'Deadlift', 242.5, 8),
('1728_9_121596', 1728, 121596, 'Deadlift', -255, 9),
('6715_1_121596', 6715, 121596, 'Squat', 232.5, 1),
('6715_2_121596', 6715, 121596, 'Squat', 247.5, 2),
('6715_3_121596', 6715, 121596, 'Squat', 255, 3),
('6715_4_121596', 6715, 121596, 'Bench Press', 185, 4),
('6715_5_121596', 6715, 121596, 'Bench Press', 192.5, 5),
('6715_6_121596', 6715, 121596, 'Bench Press', -195, 6),
('6715_7_121596', 6715, 121596, 'Deadlift', 300, 7),
('6715_8_121596', 6715, 121596, 'Deadlift', 320, 8),
('6715_9_121596', 6715, 121596, 'Deadlift', 322.5, 9),
('122446_1_121596', 122446, 121596, 'Squat', 277.5, 1),
('122446_2_121596', 122446, 121596, 'Squat', 292.5, 2),
('122446_3_121596', 122446, 121596, 'Squat', 302.5, 3),
('122446_4_121596', 122446, 121596, 'Bench Press', 190, 4),
('122446_5_121596', 122446, 121596, 'Bench Press', 197.5, 5),
('122446_6_121596', 122446, 121596, 'Bench Press', 205, 6),
('122446_7_121596', 122446, 121596, 'Deadlift', 285, 7),
('122446_8_121596', 122446, 121596, 'Deadlift', 305, 8),
('122446_9_121596', 122446, 121596, 'Deadlift', 315, 9),
('121729_1_121596', 121729, 121596, 'Squat', 275, 1),
('121729_2_121596', 121729, 121596, 'Squat', 305, 2),
('121729_3_121596', 121729, 121596, 'Squat', 315, 3),
('121729_4_121596', 121729, 121596, 'Bench Press', 202.5, 4),
('121729_5_121596', 121729, 121596, 'Bench Press', 210, 5),
('121729_6_121596', 121729, 121596, 'Bench Press', 215, 6),
('121729_7_121596', 121729, 121596, 'Deadlift', 325, 7),
('121729_8_121596', 121729, 121596, 'Deadlift', 360, 8),
('121729_9_121596', 121729, 121596, 'Deadlift', -377.5, 9),
('56324_1_121596', 56324, 121596, 'Squat', 325, 1),
('56324_2_121596', 56324, 121596, 'Squat', 348.5, 2),
('56324_3_121596', 56324, 121596, 'Squat', -360.5, 3),
('56324_4_121596', 56324, 121596, 'Bench Press', 192.5, 4),
('56324_5_121596', 56324, 121596, 'Bench Press', 197.5, 5),
('56324_6_121596', 56324, 121596, 'Bench Press', 207.5, 6),
('56324_7_121596', 56324, 121596, 'Deadlift', 292.5, 7),
('56324_8_121596', 56324, 121596, 'Deadlift', 310, 8),
('56324_9_121596', 56324, 121596, 'Deadlift', -327.5, 9),
('132834_1_121596', 132834, 121596, 'Squat', 245, 1),
('132834_2_121596', 132834, 121596, 'Squat', 255, 2),
('132834_3_121596', 132834, 121596, 'Squat', -265, 3),
('132834_4_121596', 132834, 121596, 'Bench Press', 160, 4),
('132834_5_121596', 132834, 121596, 'Bench Press', 167.5, 5),
('132834_6_121596', 132834, 121596, 'Bench Press', -175, 6),
('132834_7_121596', 132834, 121596, 'Deadlift', 250, 7),
('132834_8_121596', 132834, 121596, 'Deadlift', 260, 8),
('132834_9_121596', 132834, 121596, 'Deadlift', 267.5, 9),
('15230_1_121596', 15230, 121596, 'Squat', 240, 1),
('15230_2_121596', 15230, 121596, 'Squat', 255, 2),
('15230_3_121596', 15230, 121596, 'Squat', 265, 3),
('15230_4_121596', 15230, 121596, 'Bench Press', 175, 4),
('15230_5_121596', 15230, 121596, 'Bench Press', 185, 5),
('15230_6_121596', 15230, 121596, 'Bench Press', 192.5, 6),
('15230_7_121596', 15230, 121596, 'Deadlift', 270, 7),
('15230_8_121596', 15230, 121596, 'Deadlift', 282.5, 8),
('15230_9_121596', 15230, 121596, 'Deadlift', -292.5, 9),
('149058_1_120765', 149058, 120765, 'Squat', 77.5, 1),
('149058_2_120765', 149058, 120765, 'Squat', 82.5, 2),
('149058_3_120765', 149058, 120765, 'Squat', 85, 3),
('149058_4_120765', 149058, 120765, 'Bench Press', 35, 4),
('149058_5_120765', 149058, 120765, 'Bench Press', 40, 5),
('149058_6_120765', 149058, 120765, 'Bench Press', -42.5, 6),
('149058_7_120765', 149058, 120765, 'Deadlift', 100, 7),
('149058_8_120765', 149058, 120765, 'Deadlift', 105, 8),
('149058_9_120765', 149058, 120765, 'Deadlift', 107.5, 9),
('149059_1_120765', 149059, 120765, 'Squat', -85, 1),
('149059_2_120765', 149059, 120765, 'Squat', 92.5, 2),
('149059_3_120765', 149059, 120765, 'Squat', 100, 3),
('149059_4_120765', 149059, 120765, 'Bench Press', 50, 4),
('149059_5_120765', 149059, 120765, 'Bench Press', 55, 5),
('149059_6_120765', 149059, 120765, 'Bench Press', -60, 6),
('149059_7_120765', 149059, 120765, 'Deadlift', 90, 7),
('149059_8_120765', 149059, 120765, 'Deadlift', 102.5, 8),
('149059_9_120765', 149059, 120765, 'Deadlift', 112.5, 9),
('123346_1_120765', 123346, 120765, 'Squat', 82.5, 1),
('123346_2_120765', 123346, 120765, 'Squat', 87.5, 2),
('123346_3_120765', 123346, 120765, 'Squat', 95, 3),
('123346_4_120765', 123346, 120765, 'Bench Press', 52.5, 4),
('123346_5_120765', 123346, 120765, 'Bench Press', 57.5, 5),
('123346_6_120765', 123346, 120765, 'Bench Press', -60, 6),
('123346_7_120765', 123346, 120765, 'Deadlift', 117.5, 7),
('123346_8_120765', 123346, 120765, 'Deadlift', 122.5, 8),
('123346_9_120765', 123346, 120765, 'Deadlift', 137.5, 9),
('47302_1_120765', 47302, 120765, 'Squat', 102.5, 1),
('47302_2_120765', 47302, 120765, 'Squat', 110, 2),
('47302_3_120765', 47302, 120765, 'Squat', 117.5, 3),
('47302_4_120765', 47302, 120765, 'Bench Press', 45, 4),
('47302_5_120765', 47302, 120765, 'Bench Press', 50, 5),
('47302_6_120765', 47302, 120765, 'Bench Press', 55, 6),
('47302_7_120765', 47302, 120765, 'Deadlift', 135, 7),
('47302_8_120765', 47302, 120765, 'Deadlift', 145, 8),
('47302_9_120765', 47302, 120765, 'Deadlift', 155, 9),
('149060_1_120765', 149060, 120765, 'Squat', 85, 1),
('149060_2_120765', 149060, 120765, 'Squat', 95, 2),
('149060_3_120765', 149060, 120765, 'Squat', 100, 3),
('149060_4_120765', 149060, 120765, 'Bench Press', 30, 4),
('149060_5_120765', 149060, 120765, 'Bench Press', 35, 5),
('149060_6_120765', 149060, 120765, 'Bench Press', -37.5, 6),
('149060_7_120765', 149060, 120765, 'Deadlift', 100, 7),
('149060_8_120765', 149060, 120765, 'Deadlift', 110, 8),
('149060_9_120765', 149060, 120765, 'Deadlift', -120, 9),
('149062_1_120765', 149062, 120765, 'Squat', 110, 1),
('149062_2_120765', 149062, 120765, 'Squat', 120, 2),
('149062_3_120765', 149062, 120765, 'Squat', 127.5, 3),
('149062_4_120765', 149062, 120765, 'Bench Press', 75, 4),
('149062_5_120765', 149062, 120765, 'Bench Press', 82.5, 5),
('149062_6_120765', 149062, 120765, 'Bench Press', 90, 6),
('149062_7_120765', 149062, 120765, 'Deadlift', 155, 7),
('149062_8_120765', 149062, 120765, 'Deadlift', 167.5, 8),
('149062_9_120765', 149062, 120765, 'Deadlift', -175, 9),
('149063_1_120765', 149063, 120765, 'Squat', 147.5, 1),
('149063_2_120765', 149063, 120765, 'Squat', 165, 2),
('149063_3_120765', 149063, 120765, 'Squat', -170, 3),
('149063_4_120765', 149063, 120765, 'Bench Press', 75, 4),
('149063_5_120765', 149063, 120765, 'Bench Press', 80, 5),
('149063_6_120765', 149063, 120765, 'Bench Press', 85, 6),
('149063_7_120765', 149063, 120765, 'Deadlift', 147.5, 7),
('149063_8_120765', 149063, 120765, 'Deadlift', 165, 8),
('149063_9_120765', 149063, 120765, 'Deadlift', 177.5, 9),
('146719_1_120765', 146719, 120765, 'Squat', 115, 1),
('146719_2_120765', 146719, 120765, 'Squat', 125, 2),
('146719_3_120765', 146719, 120765, 'Squat', 142.5, 3),
('146719_4_120765', 146719, 120765, 'Bench Press', 77.5, 4),
('146719_5_120765', 146719, 120765, 'Bench Press', 82.5, 5),
('146719_6_120765', 146719, 120765, 'Bench Press', -92.5, 6),
('146719_7_120765', 146719, 120765, 'Deadlift', 150, 7),
('146719_8_120765', 146719, 120765, 'Deadlift', 160, 8),
('146719_9_120765', 146719, 120765, 'Deadlift', -180, 9),
('149061_1_120765', 149061, 120765, 'Squat', 90, 1),
('149061_2_120765', 149061, 120765, 'Squat', 95, 2),
('149061_3_120765', 149061, 120765, 'Squat', 107.5, 3),
('149061_4_120765', 149061, 120765, 'Bench Press', 42.5, 4),
('149061_5_120765', 149061, 120765, 'Bench Press', 47.5, 5),
('149061_6_120765', 149061, 120765, 'Bench Press', 52.5, 6),
('149061_7_120765', 149061, 120765, 'Deadlift', 107.5, 7),
('149061_8_120765', 149061, 120765, 'Deadlift', 115, 8),
('149061_9_120765', 149061, 120765, 'Deadlift', 122.5, 9),
('149064_1_120765', 149064, 120765, 'Squat', 150, 1),
('149064_2_120765', 149064, 120765, 'Squat', 162.5, 2),
('149064_3_120765', 149064, 120765, 'Squat', -167.5, 3),
('149064_4_120765', 149064, 120765, 'Bench Press', 122.5, 4),
('149064_5_120765', 149064, 120765, 'Bench Press', 132.5, 5),
('149064_6_120765', 149064, 120765, 'Bench Press', -142.5, 6),
('149064_7_120765', 149064, 120765, 'Deadlift', 197.5, 7),
('149064_8_120765', 149064, 120765, 'Deadlift', 215, 8),
('149064_9_120765', 149064, 120765, 'Deadlift', -227.5, 9),
('62755_1_120765', 62755, 120765, 'Squat', 220, 1),
('62755_2_120765', 62755, 120765, 'Squat', 230, 2),
('62755_3_120765', 62755, 120765, 'Squat', 240, 3),
('62755_4_120765', 62755, 120765, 'Bench Press', 162.5, 4),
('62755_5_120765', 62755, 120765, 'Bench Press', 172.5, 5),
('62755_6_120765', 62755, 120765, 'Bench Press', 177.5, 6),
('62755_7_120765', 62755, 120765, 'Deadlift', 255, 7),
('62755_8_120765', 62755, 120765, 'Deadlift', -275, 8),
('62755_9_120765', 62755, 120765, 'Deadlift', -275, 9),
('139262_1_120765', 139262, 120765, 'Squat', 182.5, 1),
('139262_2_120765', 139262, 120765, 'Squat', 197.5, 2),
('139262_3_120765', 139262, 120765, 'Squat', 212.5, 3),
('139262_4_120765', 139262, 120765, 'Bench Press', 122.5, 4),
('139262_5_120765', 139262, 120765, 'Bench Press', 127.5, 5),
('139262_6_120765', 139262, 120765, 'Bench Press', 132.5, 6),
('139262_7_120765', 139262, 120765, 'Deadlift', 235, 7),
('139262_8_120765', 139262, 120765, 'Deadlift', 260, 8),
('139262_9_120765', 139262, 120765, 'Deadlift', -280, 9),
('149065_1_120765', 149065, 120765, 'Squat', 125, 1),
('149065_2_120765', 149065, 120765, 'Squat', 135, 2),
('149065_3_120765', 149065, 120765, 'Squat', 145, 3),
('149065_4_120765', 149065, 120765, 'Bench Press', 80, 4),
('149065_5_120765', 149065, 120765, 'Bench Press', 82.5, 5),
('149065_6_120765', 149065, 120765, 'Bench Press', -85, 6),
('149065_7_120765', 149065, 120765, 'Deadlift', 170, 7),
('149065_8_120765', 149065, 120765, 'Deadlift', 182.5, 8),
('149065_9_120765', 149065, 120765, 'Deadlift', 195, 9),
('62756_1_120765', 62756, 120765, 'Squat', 275, 1),
('62756_2_120765', 62756, 120765, 'Squat', 290, 2),
('62756_3_120765', 62756, 120765, 'Squat', 300, 3),
('62756_4_120765', 62756, 120765, 'Bench Press', 175, 4),
('62756_5_120765', 62756, 120765, 'Bench Press', -192.5, 5),
('62756_6_120765', 62756, 120765, 'Bench Press', -192.5, 6),
('62756_7_120765', 62756, 120765, 'Deadlift', 300, 7),
('62756_8_120765', 62756, 120765, 'Deadlift', 317.5, 8),
('62756_9_120765', 62756, 120765, 'Deadlift', 330, 9),
('149066_1_120765', 149066, 120765, 'Squat', 200, 1),
('149066_2_120765', 149066, 120765, 'Squat', 215, 2),
('149066_3_120765', 149066, 120765, 'Squat', -227.5, 3),
('149066_4_120765', 149066, 120765, 'Bench Press', 155, 4),
('149066_5_120765', 149066, 120765, 'Bench Press', 170, 5),
('149066_6_120765', 149066, 120765, 'Bench Press', -182.5, 6),
('149066_7_120765', 149066, 120765, 'Deadlift', 200, 7),
('149066_8_120765', 149066, 120765, 'Deadlift', 215, 8),
('149066_9_120765', 149066, 120765, 'Deadlift', 222.5, 9),
('149067_1_120765', 149067, 120765, 'Squat', 190, 1),
('149067_2_120765', 149067, 120765, 'Squat', 202.5, 2),
('149067_3_120765', 149067, 120765, 'Squat', 215, 3),
('149067_4_120765', 149067, 120765, 'Bench Press', 110, 4),
('149067_5_120765', 149067, 120765, 'Bench Press', 115, 5),
('149067_6_120765', 149067, 120765, 'Bench Press', 120, 6),
('149067_7_120765', 149067, 120765, 'Deadlift', 220, 7),
('149067_8_120765', 149067, 120765, 'Deadlift', 235, 8),
('149067_9_120765', 149067, 120765, 'Deadlift', 245, 9),
('142538_1_120765', 142538, 120765, 'Squat', 162.5, 1),
('142538_2_120765', 142538, 120765, 'Squat', 175, 2),
('142538_3_120765', 142538, 120765, 'Squat', 185, 3),
('142538_4_120765', 142538, 120765, 'Bench Press', 102.5, 4),
('142538_5_120765', 142538, 120765, 'Bench Press', 115, 5),
('142538_6_120765', 142538, 120765, 'Bench Press', 117.5, 6),
('142538_7_120765', 142538, 120765, 'Deadlift', -195, 7),
('142538_8_120765', 142538, 120765, 'Deadlift', 205, 8),
('142538_9_120765', 142538, 120765, 'Deadlift', 215, 9),
('146730_1_120765', 146730, 120765, 'Squat', 165, 1),
('146730_2_120765', 146730, 120765, 'Squat', 172.5, 2),
('146730_3_120765', 146730, 120765, 'Squat', 182.5, 3),
('146730_4_120765', 146730, 120765, 'Bench Press', 107.5, 4),
('146730_5_120765', 146730, 120765, 'Bench Press', 112.5, 5),
('146730_6_120765', 146730, 120765, 'Bench Press', -120, 6),
('146730_7_120765', 146730, 120765, 'Deadlift', 177.5, 7),
('146730_8_120765', 146730, 120765, 'Deadlift', 187.5, 8),
('146730_9_120765', 146730, 120765, 'Deadlift', 190, 9),
('3287_1_120765', 3287, 120765, 'Squat', 200, 1),
('3287_2_120765', 3287, 120765, 'Squat', -210, 2),
('3287_3_120765', 3287, 120765, 'Squat', 0, 3),
('3287_4_120765', 3287, 120765, 'Bench Press', 0, 4),
('3287_5_120765', 3287, 120765, 'Bench Press', 0, 5),
('3287_6_120765', 3287, 120765, 'Bench Press', 0, 6),
('3287_7_120765', 3287, 120765, 'Deadlift', 0, 7),
('3287_8_120765', 3287, 120765, 'Deadlift', 0, 8),
('3287_9_120765', 3287, 120765, 'Deadlift', 0, 9),
('149068_1_120765', 149068, 120765, 'Squat', 85, 1),
('149068_2_120765', 149068, 120765, 'Squat', -102.5, 2),
('149068_3_120765', 149068, 120765, 'Squat', 102.5, 3),
('149068_4_120765', 149068, 120765, 'Bench Press', -85, 4),
('149068_5_120765', 149068, 120765, 'Bench Press', -85, 5),
('149068_6_120765', 149068, 120765, 'Bench Press', 85, 6),
('149068_7_120765', 149068, 120765, 'Deadlift', 125, 7),
('149068_8_120765', 149068, 120765, 'Deadlift', 135, 8),
('149068_9_120765', 149068, 120765, 'Deadlift', -137.5, 9),
('146741_1_120765', 146741, 120765, 'Squat', 70, 1),
('146741_2_120765', 146741, 120765, 'Squat', 75, 2),
('146741_3_120765', 146741, 120765, 'Squat', -80, 3),
('146741_4_120765', 146741, 120765, 'Bench Press', 50, 4),
('146741_5_120765', 146741, 120765, 'Bench Press', 52.5, 5),
('146741_6_120765', 146741, 120765, 'Bench Press', 55, 6),
('146741_7_120765', 146741, 120765, 'Deadlift', 100, 7),
('146741_8_120765', 146741, 120765, 'Deadlift', 105, 8),
('146741_9_120765', 146741, 120765, 'Deadlift', 110, 9),
('28081_1_120765', 28081, 120765, 'Squat', 70, 1),
('28081_2_120765', 28081, 120765, 'Squat', 75, 2),
('28081_3_120765', 28081, 120765, 'Squat', 82.5, 3),
('28081_4_120765', 28081, 120765, 'Bench Press', 50, 4),
('28081_5_120765', 28081, 120765, 'Bench Press', 55, 5),
('28081_6_120765', 28081, 120765, 'Bench Press', -60, 6),
('28081_7_120765', 28081, 120765, 'Deadlift', 92.5, 7),
('28081_8_120765', 28081, 120765, 'Deadlift', 105, 8),
('28081_9_120765', 28081, 120765, 'Deadlift', 117.5, 9),
('149069_1_120765', 149069, 120765, 'Squat', 150, 1),
('149069_2_120765', 149069, 120765, 'Squat', 157.5, 2),
('149069_3_120765', 149069, 120765, 'Squat', 167.5, 3),
('149069_4_120765', 149069, 120765, 'Bench Press', 95, 4),
('149069_5_120765', 149069, 120765, 'Bench Press', -100, 5),
('149069_6_120765', 149069, 120765, 'Bench Press', 100, 6),
('149069_7_120765', 149069, 120765, 'Deadlift', 205, 7),
('149069_8_120765', 149069, 120765, 'Deadlift', 215, 8),
('149069_9_120765', 149069, 120765, 'Deadlift', 225, 9),
('61387_1_120765', 61387, 120765, 'Squat', 202.5, 1),
('61387_2_120765', 61387, 120765, 'Squat', 215, 2),
('61387_3_120765', 61387, 120765, 'Squat', -222.5, 3),
('61387_4_120765', 61387, 120765, 'Bench Press', 110, 4),
('61387_5_120765', 61387, 120765, 'Bench Press', 120, 5),
('61387_6_120765', 61387, 120765, 'Bench Press', 130, 6),
('61387_7_120765', 61387, 120765, 'Deadlift', 215, 7),
('61387_8_120765', 61387, 120765, 'Deadlift', 225, 8),
('61387_9_120765', 61387, 120765, 'Deadlift', 235, 9),
('129924_1_120765', 129924, 120765, 'Squat', 165, 1),
('129924_2_120765', 129924, 120765, 'Squat', 172.5, 2),
('129924_3_120765', 129924, 120765, 'Squat', 187.5, 3),
('129924_4_120765', 129924, 120765, 'Bench Press', 125, 4),
('129924_5_120765', 129924, 120765, 'Bench Press', 132.5, 5),
('129924_6_120765', 129924, 120765, 'Bench Press', -140, 6),
('129924_7_120765', 129924, 120765, 'Deadlift', 227.5, 7),
('129924_8_120765', 129924, 120765, 'Deadlift', 235, 8),
('129924_9_120765', 129924, 120765, 'Deadlift', 242.5, 9),
('146752_1_120765', 146752, 120765, 'Squat', 150, 1),
('146752_2_120765', 146752, 120765, 'Squat', 160, 2),
('146752_3_120765', 146752, 120765, 'Squat', 165, 3),
('146752_4_120765', 146752, 120765, 'Bench Press', 67.5, 4),
('146752_5_120765', 146752, 120765, 'Bench Press', 70, 5),
('146752_6_120765', 146752, 120765, 'Bench Press', 72.5, 6),
('146752_7_120765', 146752, 120765, 'Deadlift', 172.5, 7),
('146752_8_120765', 146752, 120765, 'Deadlift', 180, 8),
('146752_9_120765', 146752, 120765, 'Deadlift', -190, 9),
('146722_1_120765', 146722, 120765, 'Squat', 162.5, 1),
('146722_2_120765', 146722, 120765, 'Squat', 170, 2),
('146722_3_120765', 146722, 120765, 'Squat', 175, 3),
('146722_4_120765', 146722, 120765, 'Bench Press', 105, 4),
('146722_5_120765', 146722, 120765, 'Bench Press', 112.5, 5),
('146722_6_120765', 146722, 120765, 'Bench Press', 117.5, 6),
('146722_7_120765', 146722, 120765, 'Deadlift', 180, 7),
('146722_8_120765', 146722, 120765, 'Deadlift', 190, 8),
('146722_9_120765', 146722, 120765, 'Deadlift', 200, 9),
('130959_1_120765', 130959, 120765, 'Squat', -190, 1),
('130959_2_120765', 130959, 120765, 'Squat', 0, 2),
('130959_3_120765', 130959, 120765, 'Squat', 0, 3),
('130959_4_120765', 130959, 120765, 'Bench Press', 115, 4),
('130959_5_120765', 130959, 120765, 'Bench Press', 127.5, 5),
('130959_6_120765', 130959, 120765, 'Bench Press', 0, 6),
('130959_7_120765', 130959, 120765, 'Deadlift', 175, 7),
('130959_8_120765', 130959, 120765, 'Deadlift', 205, 8),
('130959_9_120765', 130959, 120765, 'Deadlift', 227.5, 9),
('149071_1_120765', 149071, 120765, 'Squat', 205, 1),
('149071_2_120765', 149071, 120765, 'Squat', 215, 2),
('149071_3_120765', 149071, 120765, 'Squat', 222.5, 3),
('149071_4_120765', 149071, 120765, 'Bench Press', 135, 4),
('149071_5_120765', 149071, 120765, 'Bench Press', 140, 5),
('149071_6_120765', 149071, 120765, 'Bench Press', 147.5, 6),
('149071_7_120765', 149071, 120765, 'Deadlift', 200, 7),
('149071_8_120765', 149071, 120765, 'Deadlift', 212.5, 8),
('149071_9_120765', 149071, 120765, 'Deadlift', 222.5, 9),
('139265_1_120765', 139265, 120765, 'Squat', 152.5, 1),
('139265_2_120765', 139265, 120765, 'Squat', 162.5, 2),
('139265_3_120765', 139265, 120765, 'Squat', -170, 3),
('139265_4_120765', 139265, 120765, 'Bench Press', 115, 4),
('139265_5_120765', 139265, 120765, 'Bench Press', 122.5, 5),
('139265_6_120765', 139265, 120765, 'Bench Press', -127.5, 6),
('139265_7_120765', 139265, 120765, 'Deadlift', 185, 7),
('139265_8_120765', 139265, 120765, 'Deadlift', 195, 8),
('139265_9_120765', 139265, 120765, 'Deadlift', -207.5, 9),
('149070_1_120765', 149070, 120765, 'Squat', 215, 1),
('149070_2_120765', 149070, 120765, 'Squat', 227.5, 2),
('149070_3_120765', 149070, 120765, 'Squat', 237.5, 3),
('149070_4_120765', 149070, 120765, 'Bench Press', 130, 4),
('149070_5_120765', 149070, 120765, 'Bench Press', 142.5, 5),
('149070_6_120765', 149070, 120765, 'Bench Press', 147.5, 6),
('149070_7_120765', 149070, 120765, 'Deadlift', 215, 7),
('149070_8_120765', 149070, 120765, 'Deadlift', 232.5, 8),
('149070_9_120765', 149070, 120765, 'Deadlift', 250, 9),
('149073_1_120765', 149073, 120765, 'Squat', 162.5, 1),
('149073_2_120765', 149073, 120765, 'Squat', 167.5, 2),
('149073_3_120765', 149073, 120765, 'Squat', 170, 3),
('149073_4_120765', 149073, 120765, 'Bench Press', 92.5, 4),
('149073_5_120765', 149073, 120765, 'Bench Press', 100, 5),
('149073_6_120765', 149073, 120765, 'Bench Press', -105, 6),
('149073_7_120765', 149073, 120765, 'Deadlift', 180, 7),
('149073_8_120765', 149073, 120765, 'Deadlift', -195, 8),
('149073_9_120765', 149073, 120765, 'Deadlift', 195, 9),
('149074_1_120765', 149074, 120765, 'Squat', 195, 1),
('149074_2_120765', 149074, 120765, 'Squat', 197.5, 2),
('149074_3_120765', 149074, 120765, 'Squat', -205, 3),
('149074_4_120765', 149074, 120765, 'Bench Press', 87.5, 4),
('149074_5_120765', 149074, 120765, 'Bench Press', 97.5, 5),
('149074_6_120765', 149074, 120765, 'Bench Press', -102.5, 6),
('149074_7_120765', 149074, 120765, 'Deadlift', 237.5, 7),
('149074_8_120765', 149074, 120765, 'Deadlift', -250, 8),
('149074_9_120765', 149074, 120765, 'Deadlift', -257.5, 9),
('141781_1_120765', 141781, 120765, 'Squat', 195, 1),
('141781_2_120765', 141781, 120765, 'Squat', 202.5, 2),
('141781_3_120765', 141781, 120765, 'Squat', 207.5, 3),
('141781_4_120765', 141781, 120765, 'Bench Press', 120, 4),
('141781_5_120765', 141781, 120765, 'Bench Press', 127.5, 5),
('141781_6_120765', 141781, 120765, 'Bench Press', 132.5, 6),
('141781_7_120765', 141781, 120765, 'Deadlift', 220, 7),
('141781_8_120765', 141781, 120765, 'Deadlift', 230, 8),
('141781_9_120765', 141781, 120765, 'Deadlift', 237.5, 9),
('149072_1_120765', 149072, 120765, 'Squat', 85, 1),
('149072_2_120765', 149072, 120765, 'Squat', 95, 2),
('149072_3_120765', 149072, 120765, 'Squat', 105, 3),
('149072_4_120765', 149072, 120765, 'Bench Press', 45, 4),
('149072_5_120765', 149072, 120765, 'Bench Press', 55, 5),
('149072_6_120765', 149072, 120765, 'Bench Press', 65, 6),
('149072_7_120765', 149072, 120765, 'Deadlift', 150, 7),
('149072_8_120765', 149072, 120765, 'Deadlift', 160, 8),
('149072_9_120765', 149072, 120765, 'Deadlift', -170, 9),
('146981_1_120765', 146981, 120765, 'Squat', 157.5, 1),
('146981_2_120765', 146981, 120765, 'Squat', 165, 2),
('146981_3_120765', 146981, 120765, 'Squat', -172.5, 3),
('146981_4_120765', 146981, 120765, 'Bench Press', 107.5, 4),
('146981_5_120765', 146981, 120765, 'Bench Press', 112.5, 5),
('146981_6_120765', 146981, 120765, 'Bench Press', -115, 6),
('146981_7_120765', 146981, 120765, 'Deadlift', -190, 7),
('146981_8_120765', 146981, 120765, 'Deadlift', -190, 8),
('146981_9_120765', 146981, 120765, 'Deadlift', -190, 9),
('167977_1_121765', 167977, 121765, 'Squat', -175, 1),
('167977_2_121765', 167977, 121765, 'Squat', 175, 2),
('167977_3_121765', 167977, 121765, 'Squat', 190, 3),
('167977_4_121765', 167977, 121765, 'Bench Press', 102.5, 4),
('167977_5_121765', 167977, 121765, 'Bench Press', 110, 5),
('167977_6_121765', 167977, 121765, 'Bench Press', 112.5, 6),
('167977_7_121765', 167977, 121765, 'Deadlift', 150, 7),
('167977_8_121765', 167977, 121765, 'Deadlift', 157.5, 8),
('167977_9_121765', 167977, 121765, 'Deadlift', 165, 9),
('167978_1_121765', 167978, 121765, 'Squat', 102.5, 1),
('167978_2_121765', 167978, 121765, 'Squat', 110, 2),
('167978_3_121765', 167978, 121765, 'Squat', 115, 3),
('167978_4_121765', 167978, 121765, 'Bench Press', 45, 4),
('167978_5_121765', 167978, 121765, 'Bench Press', 50, 5),
('167978_6_121765', 167978, 121765, 'Bench Press', 55, 6),
('167978_7_121765', 167978, 121765, 'Deadlift', 102.5, 7),
('167978_8_121765', 167978, 121765, 'Deadlift', 117.5, 8),
('167978_9_121765', 167978, 121765, 'Deadlift', -125, 9),
('163618_1_121765', 163618, 121765, 'Squat', 50, 1),
('163618_2_121765', 163618, 121765, 'Squat', 62.5, 2),
('163618_3_121765', 163618, 121765, 'Squat', 70, 3),
('163618_4_121765', 163618, 121765, 'Bench Press', 25, 4),
('163618_5_121765', 163618, 121765, 'Bench Press', 30, 5),
('163618_6_121765', 163618, 121765, 'Bench Press', 32.5, 6),
('163618_7_121765', 163618, 121765, 'Deadlift', 70, 7),
('163618_8_121765', 163618, 121765, 'Deadlift', 85, 8),
('163618_9_121765', 163618, 121765, 'Deadlift', 95, 9),
('167979_1_121765', 167979, 121765, 'Squat', 47.5, 1),
('167979_2_121765', 167979, 121765, 'Squat', 52.5, 2),
('167979_3_121765', 167979, 121765, 'Squat', 60, 3),
('167979_4_121765', 167979, 121765, 'Bench Press', 20, 4),
('167979_5_121765', 167979, 121765, 'Bench Press', 25, 5),
('167979_6_121765', 167979, 121765, 'Bench Press', -30, 6),
('167979_7_121765', 167979, 121765, 'Deadlift', 60, 7),
('167979_8_121765', 167979, 121765, 'Deadlift', 65, 8),
('167979_9_121765', 167979, 121765, 'Deadlift', 70, 9),
('156199_1_121765', 156199, 121765, 'Squat', 85, 1),
('156199_2_121765', 156199, 121765, 'Squat', 92.5, 2),
('156199_3_121765', 156199, 121765, 'Squat', 97.5, 3),
('156199_4_121765', 156199, 121765, 'Bench Press', 60, 4),
('156199_5_121765', 156199, 121765, 'Bench Press', 65, 5),
('156199_6_121765', 156199, 121765, 'Bench Press', 67.5, 6),
('156199_7_121765', 156199, 121765, 'Deadlift', 102.5, 7),
('156199_8_121765', 156199, 121765, 'Deadlift', 112.5, 8),
('156199_9_121765', 156199, 121765, 'Deadlift', 117.5, 9),
('163621_1_121765', 163621, 121765, 'Squat', -65, 1),
('163621_2_121765', 163621, 121765, 'Squat', 65, 2),
('163621_3_121765', 163621, 121765, 'Squat', 70, 3),
('163621_4_121765', 163621, 121765, 'Bench Press', 20, 4),
('163621_5_121765', 163621, 121765, 'Bench Press', 25, 5),
('163621_6_121765', 163621, 121765, 'Bench Press', 30, 6),
('163621_7_121765', 163621, 121765, 'Deadlift', 85, 7),
('163621_8_121765', 163621, 121765, 'Deadlift', 92.5, 8),
('163621_9_121765', 163621, 121765, 'Deadlift', -97.5, 9),
('167980_1_121765', 167980, 121765, 'Squat', 67.5, 1),
('167980_2_121765', 167980, 121765, 'Squat', -70, 2),
('167980_3_121765', 167980, 121765, 'Squat', 70, 3),
('167980_4_121765', 167980, 121765, 'Bench Press', -52.5, 4),
('167980_5_121765', 167980, 121765, 'Bench Press', 52.5, 5),
('167980_6_121765', 167980, 121765, 'Bench Press', 55, 6),
('167980_7_121765', 167980, 121765, 'Deadlift', 97.5, 7),
('167980_8_121765', 167980, 121765, 'Deadlift', -102.5, 8),
('167980_9_121765', 167980, 121765, 'Deadlift', 102.5, 9),
('160003_1_121765', 160003, 121765, 'Squat', -72.5, 1),
('160003_2_121765', 160003, 121765, 'Squat', 72.5, 2),
('160003_3_121765', 160003, 121765, 'Squat', 75, 3),
('160003_4_121765', 160003, 121765, 'Bench Press', 32.5, 4),
('160003_5_121765', 160003, 121765, 'Bench Press', 35, 5),
('160003_6_121765', 160003, 121765, 'Bench Press', -37.5, 6),
('160003_7_121765', 160003, 121765, 'Deadlift', 107.5, 7),
('160003_8_121765', 160003, 121765, 'Deadlift', 112.5, 8),
('160003_9_121765', 160003, 121765, 'Deadlift', 120, 9),
('167981_1_121765', 167981, 121765, 'Squat', 90, 1),
('167981_2_121765', 167981, 121765, 'Squat', -102.5, 2),
('167981_3_121765', 167981, 121765, 'Squat', -102.5, 3),
('167981_4_121765', 167981, 121765, 'Bench Press', 40, 4),
('167981_5_121765', 167981, 121765, 'Bench Press', -45, 5),
('167981_6_121765', 167981, 121765, 'Bench Press', -45, 6),
('167981_7_121765', 167981, 121765, 'Deadlift', -105, 7),
('167981_8_121765', 167981, 121765, 'Deadlift', 105, 8),
('167981_9_121765', 167981, 121765, 'Deadlift', -107.5, 9),
('167982_1_121765', 167982, 121765, 'Squat', 125, 1),
('167982_2_121765', 167982, 121765, 'Squat', 130, 2),
('167982_3_121765', 167982, 121765, 'Squat', 135, 3),
('167982_4_121765', 167982, 121765, 'Bench Press', 35, 4),
('167982_5_121765', 167982, 121765, 'Bench Press', 45, 5),
('167982_6_121765', 167982, 121765, 'Bench Press', 52.5, 6),
('167982_7_121765', 167982, 121765, 'Deadlift', 107.5, 7),
('167982_8_121765', 167982, 121765, 'Deadlift', 117.5, 8),
('167982_9_121765', 167982, 121765, 'Deadlift', -125, 9),
('167983_1_121765', 167983, 121765, 'Squat', 27.5, 1),
('167983_2_121765', 167983, 121765, 'Squat', 32.5, 2),
('167983_3_121765', 167983, 121765, 'Squat', 40, 3),
('167983_4_121765', 167983, 121765, 'Bench Press', 20, 4),
('167983_5_121765', 167983, 121765, 'Bench Press', 27.5, 5),
('167983_6_121765', 167983, 121765, 'Bench Press', -32.5, 6),
('167983_7_121765', 167983, 121765, 'Deadlift', 55, 7),
('167983_8_121765', 167983, 121765, 'Deadlift', 60, 8),
('167983_9_121765', 167983, 121765, 'Deadlift', 62.5, 9),
('167984_1_121765', 167984, 121765, 'Squat', 45, 1),
('167984_2_121765', 167984, 121765, 'Squat', 50, 2),
('167984_3_121765', 167984, 121765, 'Squat', 52.5, 3),
('167984_4_121765', 167984, 121765, 'Bench Press', 25, 4),
('167984_5_121765', 167984, 121765, 'Bench Press', 27.5, 5),
('167984_6_121765', 167984, 121765, 'Bench Press', -30, 6),
('167984_7_121765', 167984, 121765, 'Deadlift', 55, 7),
('167984_8_121765', 167984, 121765, 'Deadlift', 60, 8),
('167984_9_121765', 167984, 121765, 'Deadlift', 65, 9),
('161517_1_121765', 161517, 121765, 'Squat', 72.5, 1),
('161517_2_121765', 161517, 121765, 'Squat', 77.5, 2),
('161517_3_121765', 161517, 121765, 'Squat', 80, 3),
('161517_4_121765', 161517, 121765, 'Bench Press', 40, 4),
('161517_5_121765', 161517, 121765, 'Bench Press', 42.5, 5),
('161517_6_121765', 161517, 121765, 'Bench Press', 45.5, 6),
('161517_7_121765', 161517, 121765, 'Deadlift', 72.5, 7),
('161517_8_121765', 161517, 121765, 'Deadlift', 87.5, 8),
('161517_9_121765', 161517, 121765, 'Deadlift', 92.5, 9),
('167985_1_121765', 167985, 121765, 'Squat', 172.5, 1),
('167985_2_121765', 167985, 121765, 'Squat', 177.5, 2),
('167985_3_121765', 167985, 121765, 'Squat', 190, 3),
('167985_4_121765', 167985, 121765, 'Bench Press', 65, 4),
('167985_5_121765', 167985, 121765, 'Bench Press', 92.5, 5),
('167985_6_121765', 167985, 121765, 'Bench Press', 102.5, 6),
('167985_7_121765', 167985, 121765, 'Deadlift', 170, 7),
('167985_8_121765', 167985, 121765, 'Deadlift', 185, 8),
('167985_9_121765', 167985, 121765, 'Deadlift', 197.5, 9),
('158106_1_121765', 158106, 121765, 'Squat', -245, 1),
('158106_2_121765', 158106, 121765, 'Squat', 265, 2),
('158106_3_121765', 158106, 121765, 'Squat', -275, 3),
('158106_4_121765', 158106, 121765, 'Bench Press', 107.5, 4),
('158106_5_121765', 158106, 121765, 'Bench Press', 125, 5),
('158106_6_121765', 158106, 121765, 'Bench Press', -140, 6),
('158106_7_121765', 158106, 121765, 'Deadlift', 212.5, 7),
('158106_8_121765', 158106, 121765, 'Deadlift', 220, 8),
('158106_9_121765', 158106, 121765, 'Deadlift', 227.5, 9),
('158103_1_121765', 158103, 121765, 'Squat', 237.5, 1),
('158103_2_121765', 158103, 121765, 'Squat', 252.5, 2),
('158103_3_121765', 158103, 121765, 'Squat', -260, 3),
('158103_4_121765', 158103, 121765, 'Bench Press', 142.5, 4),
('158103_5_121765', 158103, 121765, 'Bench Press', 155, 5),
('158103_6_121765', 158103, 121765, 'Bench Press', -157.5, 6),
('158103_7_121765', 158103, 121765, 'Deadlift', 190, 7),
('158103_8_121765', 158103, 121765, 'Deadlift', 205, 8),
('158103_9_121765', 158103, 121765, 'Deadlift', 220, 9),
('164563_1_121765', 164563, 121765, 'Squat', 170, 1),
('164563_2_121765', 164563, 121765, 'Squat', -180, 2),
('164563_3_121765', 164563, 121765, 'Squat', 182.5, 3),
('164563_4_121765', 164563, 121765, 'Bench Press', 130, 4),
('164563_5_121765', 164563, 121765, 'Bench Press', 135, 5),
('164563_6_121765', 164563, 121765, 'Bench Press', -137.5, 6),
('164563_7_121765', 164563, 121765, 'Deadlift', 190, 7),
('164563_8_121765', 164563, 121765, 'Deadlift', 200, 8),
('164563_9_121765', 164563, 121765, 'Deadlift', -210, 9),
('167986_1_121765', 167986, 121765, 'Squat', -165, 1),
('167986_2_121765', 167986, 121765, 'Squat', 165, 2),
('167986_3_121765', 167986, 121765, 'Squat', 170, 3),
('167986_4_121765', 167986, 121765, 'Bench Press', 95, 4),
('167986_5_121765', 167986, 121765, 'Bench Press', -100, 5),
('167986_6_121765', 167986, 121765, 'Bench Press', -100, 6),
('167986_7_121765', 167986, 121765, 'Deadlift', 185, 7),
('167986_8_121765', 167986, 121765, 'Deadlift', 200, 8),
('167986_9_121765', 167986, 121765, 'Deadlift', -215, 9),
('165409_1_121765', 165409, 121765, 'Squat', 147.5, 1),
('165409_2_121765', 165409, 121765, 'Squat', 155, 2),
('165409_3_121765', 165409, 121765, 'Squat', 160, 3),
('165409_4_121765', 165409, 121765, 'Bench Press', -102.5, 4),
('165409_5_121765', 165409, 121765, 'Bench Press', 102.5, 5),
('165409_6_121765', 165409, 121765, 'Bench Press', 112.5, 6),
('165409_7_121765', 165409, 121765, 'Deadlift', 167.5, 7),
('165409_8_121765', 165409, 121765, 'Deadlift', 175, 8),
('165409_9_121765', 165409, 121765, 'Deadlift', 182.5, 9),
('160509_1_121765', 160509, 121765, 'Squat', 112.5, 1),
('160509_2_121765', 160509, 121765, 'Squat', 122.5, 2),
('160509_3_121765', 160509, 121765, 'Squat', 130, 3),
('160509_4_121765', 160509, 121765, 'Bench Press', -72.5, 4),
('160509_5_121765', 160509, 121765, 'Bench Press', 77.5, 5),
('160509_6_121765', 160509, 121765, 'Bench Press', 85, 6),
('160509_7_121765', 160509, 121765, 'Deadlift', 152.5, 7),
('160509_8_121765', 160509, 121765, 'Deadlift', 167.5, 8),
('160509_9_121765', 160509, 121765, 'Deadlift', 185, 9),
('167987_1_121765', 167987, 121765, 'Squat', 80, 1),
('167987_2_121765', 167987, 121765, 'Squat', 90, 2),
('167987_3_121765', 167987, 121765, 'Squat', -95, 3),
('167987_4_121765', 167987, 121765, 'Bench Press', 52.5, 4),
('167987_5_121765', 167987, 121765, 'Bench Press', 57.5, 5),
('167987_6_121765', 167987, 121765, 'Bench Press', -60, 6),
('167987_7_121765', 167987, 121765, 'Deadlift', 125, 7),
('167987_8_121765', 167987, 121765, 'Deadlift', 130, 8),
('167987_9_121765', 167987, 121765, 'Deadlift', -140, 9),
('163453_1_121765', 163453, 121765, 'Squat', 175, 1),
('163453_2_121765', 163453, 121765, 'Squat', 185, 2),
('163453_3_121765', 163453, 121765, 'Squat', -190, 3),
('163453_4_121765', 163453, 121765, 'Bench Press', 105, 4),
('163453_5_121765', 163453, 121765, 'Bench Press', 110, 5),
('163453_6_121765', 163453, 121765, 'Bench Press', -115, 6),
('163453_7_121765', 163453, 121765, 'Deadlift', 205, 7),
('163453_8_121765', 163453, 121765, 'Deadlift', 215, 8),
('163453_9_121765', 163453, 121765, 'Deadlift', 0, 9),
('165116_1_121765', 165116, 121765, 'Squat', 150, 1),
('165116_2_121765', 165116, 121765, 'Squat', 165, 2),
('165116_3_121765', 165116, 121765, 'Squat', -170, 3),
('165116_4_121765', 165116, 121765, 'Bench Press', 100, 4),
('165116_5_121765', 165116, 121765, 'Bench Press', 110, 5),
('165116_6_121765', 165116, 121765, 'Bench Press', -115, 6),
('165116_7_121765', 165116, 121765, 'Deadlift', 200, 7),
('165116_8_121765', 165116, 121765, 'Deadlift', 212.5, 8),
('165116_9_121765', 165116, 121765, 'Deadlift', -215, 9),
('167991_1_121765', 167991, 121765, 'Squat', 165, 1),
('167991_2_121765', 167991, 121765, 'Squat', -167.5, 2),
('167991_3_121765', 167991, 121765, 'Squat', 167.5, 3),
('167991_4_121765', 167991, 121765, 'Bench Press', 95, 4),
('167991_5_121765', 167991, 121765, 'Bench Press', 97.5, 5),
('167991_6_121765', 167991, 121765, 'Bench Press', -110, 6),
('167991_7_121765', 167991, 121765, 'Deadlift', 220, 7),
('167991_8_121765', 167991, 121765, 'Deadlift', -230, 8),
('167991_9_121765', 167991, 121765, 'Deadlift', -230, 9),
('167992_1_121765', 167992, 121765, 'Squat', 165, 1),
('167992_2_121765', 167992, 121765, 'Squat', -177.5, 2),
('167992_3_121765', 167992, 121765, 'Squat', -187.5, 3),
('167992_4_121765', 167992, 121765, 'Bench Press', -97.5, 4),
('167992_5_121765', 167992, 121765, 'Bench Press', -97.5, 5),
('167992_6_121765', 167992, 121765, 'Bench Press', 97.5, 6),
('167992_7_121765', 167992, 121765, 'Deadlift', 182.5, 7),
('167992_8_121765', 167992, 121765, 'Deadlift', 185, 8),
('167992_9_121765', 167992, 121765, 'Deadlift', 205, 9),
('167993_1_121765', 167993, 121765, 'Squat', 140, 1),
('167993_2_121765', 167993, 121765, 'Squat', 147.5, 2),
('167993_3_121765', 167993, 121765, 'Squat', -157.5, 3),
('167993_4_121765', 167993, 121765, 'Bench Press', 92.5, 4),
('167993_5_121765', 167993, 121765, 'Bench Press', 97.5, 5),
('167993_6_121765', 167993, 121765, 'Bench Press', 102.5, 6),
('167993_7_121765', 167993, 121765, 'Deadlift', -145, 7),
('167993_8_121765', 167993, 121765, 'Deadlift', 152.5, 8),
('167993_9_121765', 167993, 121765, 'Deadlift', 160, 9),
('163642_1_121765', 163642, 121765, 'Squat', 110, 1),
('163642_2_121765', 163642, 121765, 'Squat', 122.5, 2),
('163642_3_121765', 163642, 121765, 'Squat', -125, 3),
('163642_4_121765', 163642, 121765, 'Bench Press', 62.5, 4),
('163642_5_121765', 163642, 121765, 'Bench Press', 75, 5),
('163642_6_121765', 163642, 121765, 'Bench Press', 80, 6),
('163642_7_121765', 163642, 121765, 'Deadlift', 140, 7),
('163642_8_121765', 163642, 121765, 'Deadlift', 150, 8),
('163642_9_121765', 163642, 121765, 'Deadlift', -155, 9),
('167994_1_121765', 167994, 121765, 'Squat', -130, 1),
('167994_2_121765', 167994, 121765, 'Squat', -130, 2),
('167994_3_121765', 167994, 121765, 'Squat', 130, 3),
('167994_4_121765', 167994, 121765, 'Bench Press', -67.5, 4),
('167994_5_121765', 167994, 121765, 'Bench Press', 70, 5),
('167994_6_121765', 167994, 121765, 'Bench Press', 77.5, 6),
('167994_7_121765', 167994, 121765, 'Deadlift', 125, 7),
('167994_8_121765', 167994, 121765, 'Deadlift', -135, 8),
('167994_9_121765', 167994, 121765, 'Deadlift', 142.5, 9),
('121962_1_121765', 121962, 121765, 'Squat', 110, 1),
('121962_2_121765', 121962, 121765, 'Squat', 120, 2),
('121962_3_121765', 121962, 121765, 'Squat', 127.5, 3),
('121962_4_121765', 121962, 121765, 'Bench Press', -60, 4),
('121962_5_121765', 121962, 121765, 'Bench Press', 65, 5),
('121962_6_121765', 121962, 121765, 'Bench Press', -70, 6),
('121962_7_121765', 121962, 121765, 'Deadlift', 125, 7),
('121962_8_121765', 121962, 121765, 'Deadlift', 132.5, 8),
('121962_9_121765', 121962, 121765, 'Deadlift', 142.5, 9),
('167998_1_121765', 167998, 121765, 'Squat', 185, 1),
('167998_2_121765', 167998, 121765, 'Squat', 195, 2),
('167998_3_121765', 167998, 121765, 'Squat', 200, 3),
('167998_4_121765', 167998, 121765, 'Bench Press', 135, 4),
('167998_5_121765', 167998, 121765, 'Bench Press', 140, 5),
('167998_6_121765', 167998, 121765, 'Bench Press', -145, 6),
('167998_7_121765', 167998, 121765, 'Deadlift', 215, 7),
('167998_8_121765', 167998, 121765, 'Deadlift', 225, 8),
('167998_9_121765', 167998, 121765, 'Deadlift', -237.5, 9),
('160515_1_121765', 160515, 121765, 'Squat', 177.5, 1),
('160515_2_121765', 160515, 121765, 'Squat', 187.5, 2),
('160515_3_121765', 160515, 121765, 'Squat', 197.5, 3),
('160515_4_121765', 160515, 121765, 'Bench Press', 120, 4),
('160515_5_121765', 160515, 121765, 'Bench Press', 125, 5),
('160515_6_121765', 160515, 121765, 'Bench Press', 132.5, 6),
('160515_7_121765', 160515, 121765, 'Deadlift', 192.5, 7),
('160515_8_121765', 160515, 121765, 'Deadlift', 202.5, 8),
('160515_9_121765', 160515, 121765, 'Deadlift', -212.5, 9),
('167999_1_121765', 167999, 121765, 'Squat', 167.5, 1),
('167999_2_121765', 167999, 121765, 'Squat', 177.5, 2),
('167999_3_121765', 167999, 121765, 'Squat', 185, 3),
('167999_4_121765', 167999, 121765, 'Bench Press', 107.5, 4),
('167999_5_121765', 167999, 121765, 'Bench Press', 115, 5),
('167999_6_121765', 167999, 121765, 'Bench Press', 120, 6),
('167999_7_121765', 167999, 121765, 'Deadlift', 192.5, 7),
('167999_8_121765', 167999, 121765, 'Deadlift', -207.5, 8),
('167999_9_121765', 167999, 121765, 'Deadlift', -207.5, 9),
('164566_1_121765', 164566, 121765, 'Squat', 175, 1),
('164566_2_121765', 164566, 121765, 'Squat', -185, 2),
('164566_3_121765', 164566, 121765, 'Squat', -185, 3),
('164566_4_121765', 164566, 121765, 'Bench Press', 95, 4),
('164566_5_121765', 164566, 121765, 'Bench Press', 97.5, 5),
('164566_6_121765', 164566, 121765, 'Bench Press', 105, 6),
('164566_7_121765', 164566, 121765, 'Deadlift', 175, 7),
('164566_8_121765', 164566, 121765, 'Deadlift', 187.5, 8),
('164566_9_121765', 164566, 121765, 'Deadlift', 197.5, 9),
('168000_1_121765', 168000, 121765, 'Squat', 227.5, 1),
('168000_2_121765', 168000, 121765, 'Squat', -237.5, 2),
('168000_3_121765', 168000, 121765, 'Squat', -240, 3),
('168000_4_121765', 168000, 121765, 'Bench Press', -102.5, 4),
('168000_5_121765', 168000, 121765, 'Bench Press', -115, 5),
('168000_6_121765', 168000, 121765, 'Bench Press', -115, 6),
('168000_7_121765', 168000, 121765, 'Deadlift', 227.5, 7),
('168000_8_121765', 168000, 121765, 'Deadlift', 232.5, 8),
('168000_9_121765', 168000, 121765, 'Deadlift', 257.5, 9),
('151093_1_121765', 151093, 121765, 'Squat', 190, 1),
('151093_2_121765', 151093, 121765, 'Squat', 200, 2),
('151093_3_121765', 151093, 121765, 'Squat', 210, 3),
('151093_4_121765', 151093, 121765, 'Bench Press', 115, 4),
('151093_5_121765', 151093, 121765, 'Bench Press', 122.5, 5),
('151093_6_121765', 151093, 121765, 'Bench Press', 125, 6),
('151093_7_121765', 151093, 121765, 'Deadlift', 215, 7),
('151093_8_121765', 151093, 121765, 'Deadlift', 227.5, 8),
('151093_9_121765', 151093, 121765, 'Deadlift', -237.5, 9),
('168001_1_121765', 168001, 121765, 'Squat', 160, 1),
('168001_2_121765', 168001, 121765, 'Squat', 172.5, 2),
('168001_3_121765', 168001, 121765, 'Squat', 185, 3),
('168001_4_121765', 168001, 121765, 'Bench Press', 95, 4),
('168001_5_121765', 168001, 121765, 'Bench Press', 97.5, 5),
('168001_6_121765', 168001, 121765, 'Bench Press', 102.5, 6),
('168001_7_121765', 168001, 121765, 'Deadlift', 147.5, 7),
('168001_8_121765', 168001, 121765, 'Deadlift', 162.5, 8),
('168001_9_121765', 168001, 121765, 'Deadlift', 185, 9),
('124070_1_121765', 124070, 121765, 'Squat', 220, 1),
('124070_2_121765', 124070, 121765, 'Squat', 230, 2),
('124070_3_121765', 124070, 121765, 'Squat', 237.5, 3),
('124070_4_121765', 124070, 121765, 'Bench Press', 125, 4),
('124070_5_121765', 124070, 121765, 'Bench Press', 130, 5),
('124070_6_121765', 124070, 121765, 'Bench Press', 135, 6),
('124070_7_121765', 124070, 121765, 'Deadlift', 220, 7),
('124070_8_121765', 124070, 121765, 'Deadlift', 232.5, 8),
('124070_9_121765', 124070, 121765, 'Deadlift', 240, 9),
('167988_1_121765', 167988, 121765, 'Squat', 142.5, 1),
('167988_2_121765', 167988, 121765, 'Squat', 152.5, 2),
('167988_3_121765', 167988, 121765, 'Squat', 157.5, 3),
('167988_4_121765', 167988, 121765, 'Bench Press', 105, 4),
('167988_5_121765', 167988, 121765, 'Bench Press', 110, 5),
('167988_6_121765', 167988, 121765, 'Bench Press', -112.5, 6),
('167988_7_121765', 167988, 121765, 'Deadlift', 185, 7),
('167988_8_121765', 167988, 121765, 'Deadlift', 190, 8),
('167988_9_121765', 167988, 121765, 'Deadlift', -192.5, 9),
('167989_1_121765', 167989, 121765, 'Squat', 145, 1),
('167989_2_121765', 167989, 121765, 'Squat', 165, 2),
('167989_3_121765', 167989, 121765, 'Squat', -182.5, 3),
('167989_4_121765', 167989, 121765, 'Bench Press', 90, 4),
('167989_5_121765', 167989, 121765, 'Bench Press', 95, 5),
('167989_6_121765', 167989, 121765, 'Bench Press', 100, 6),
('167989_7_121765', 167989, 121765, 'Deadlift', -155, 7),
('167989_8_121765', 167989, 121765, 'Deadlift', 165, 8),
('167989_9_121765', 167989, 121765, 'Deadlift', 190, 9),
('167990_1_121765', 167990, 121765, 'Squat', -157.5, 1),
('167990_2_121765', 167990, 121765, 'Squat', -165, 2),
('167990_3_121765', 167990, 121765, 'Squat', 165, 3),
('167990_4_121765', 167990, 121765, 'Bench Press', 92.5, 4),
('167990_5_121765', 167990, 121765, 'Bench Press', 102.5, 5),
('167990_6_121765', 167990, 121765, 'Bench Press', -110, 6),
('167990_7_121765', 167990, 121765, 'Deadlift', 175, 7),
('167990_8_121765', 167990, 121765, 'Deadlift', 182.5, 8),
('167990_9_121765', 167990, 121765, 'Deadlift', -195, 9),
('149656_1_121765', 149656, 121765, 'Squat', -107.5, 1),
('149656_2_121765', 149656, 121765, 'Squat', -115, 2),
('149656_3_121765', 149656, 121765, 'Squat', -127.5, 3),
('149656_4_121765', 149656, 121765, 'Bench Press', 0, 4),
('149656_5_121765', 149656, 121765, 'Bench Press', 0, 5),
('149656_6_121765', 149656, 121765, 'Bench Press', 0, 6),
('149656_7_121765', 149656, 121765, 'Deadlift', 0, 7),
('149656_8_121765', 149656, 121765, 'Deadlift', 0, 8),
('149656_9_121765', 149656, 121765, 'Deadlift', 0, 9),
('158110_1_121765', 158110, 121765, 'Squat', 195, 1),
('158110_2_121765', 158110, 121765, 'Squat', 202.5, 2),
('158110_3_121765', 158110, 121765, 'Squat', 210, 3),
('158110_4_121765', 158110, 121765, 'Bench Press', 130, 4),
('158110_5_121765', 158110, 121765, 'Bench Press', 137.5, 5),
('158110_6_121765', 158110, 121765, 'Bench Press', 140, 6),
('158110_7_121765', 158110, 121765, 'Deadlift', 212.5, 7),
('158110_8_121765', 158110, 121765, 'Deadlift', 225, 8),
('158110_9_121765', 158110, 121765, 'Deadlift', -247.5, 9),
('163646_1_121765', 163646, 121765, 'Squat', -180, 1),
('163646_2_121765', 163646, 121765, 'Squat', 180, 2),
('163646_3_121765', 163646, 121765, 'Squat', 195, 3),
('163646_4_121765', 163646, 121765, 'Bench Press', 115, 4),
('163646_5_121765', 163646, 121765, 'Bench Press', 125, 5),
('163646_6_121765', 163646, 121765, 'Bench Press', 127.5, 6),
('163646_7_121765', 163646, 121765, 'Deadlift', 215, 7),
('163646_8_121765', 163646, 121765, 'Deadlift', 250, 8),
('163646_9_121765', 163646, 121765, 'Deadlift', -270, 9),
('167995_1_121765', 167995, 121765, 'Squat', 205, 1),
('167995_2_121765', 167995, 121765, 'Squat', -227.5, 2),
('167995_3_121765', 167995, 121765, 'Squat', -240, 3),
('167995_4_121765', 167995, 121765, 'Bench Press', 105, 4),
('167995_5_121765', 167995, 121765, 'Bench Press', 112.5, 5),
('167995_6_121765', 167995, 121765, 'Bench Press', 117.5, 6),
('167995_7_121765', 167995, 121765, 'Deadlift', 225, 7),
('167995_8_121765', 167995, 121765, 'Deadlift', 250, 8),
('167995_9_121765', 167995, 121765, 'Deadlift', -272.5, 9),
('153218_1_121765', 153218, 121765, 'Squat', 197.5, 1),
('153218_2_121765', 153218, 121765, 'Squat', 207.5, 2),
('153218_3_121765', 153218, 121765, 'Squat', -217.5, 3),
('153218_4_121765', 153218, 121765, 'Bench Press', 115, 4),
('153218_5_121765', 153218, 121765, 'Bench Press', -122.5, 5),
('153218_6_121765', 153218, 121765, 'Bench Press', 122.5, 6),
('153218_7_121765', 153218, 121765, 'Deadlift', -220, 7),
('153218_8_121765', 153218, 121765, 'Deadlift', 232.5, 8),
('153218_9_121765', 153218, 121765, 'Deadlift', -247.5, 9),
('167996_1_121765', 167996, 121765, 'Squat', -167.5, 1),
('167996_2_121765', 167996, 121765, 'Squat', 175, 2),
('167996_3_121765', 167996, 121765, 'Squat', -185, 3),
('167996_4_121765', 167996, 121765, 'Bench Press', -110, 4),
('167996_5_121765', 167996, 121765, 'Bench Press', 117.5, 5),
('167996_6_121765', 167996, 121765, 'Bench Press', -125, 6),
('167996_7_121765', 167996, 121765, 'Deadlift', 202.5, 7),
('167996_8_121765', 167996, 121765, 'Deadlift', 212.5, 8),
('167996_9_121765', 167996, 121765, 'Deadlift', 222.5, 9),
('163227_1_121765', 163227, 121765, 'Squat', -165, 1),
('163227_2_121765', 163227, 121765, 'Squat', -165, 2),
('163227_3_121765', 163227, 121765, 'Squat', 177.5, 3),
('163227_4_121765', 163227, 121765, 'Bench Press', 97.5, 4),
('163227_5_121765', 163227, 121765, 'Bench Press', -105, 5),
('163227_6_121765', 163227, 121765, 'Bench Press', -107.5, 6),
('163227_7_121765', 163227, 121765, 'Deadlift', 165, 7),
('163227_8_121765', 163227, 121765, 'Deadlift', 175, 8),
('163227_9_121765', 163227, 121765, 'Deadlift', 187.5, 9),
('165117_1_121765', 165117, 121765, 'Squat', 135, 1),
('165117_2_121765', 165117, 121765, 'Squat', -142.5, 2),
('165117_3_121765', 165117, 121765, 'Squat', 145, 3),
('165117_4_121765', 165117, 121765, 'Bench Press', 92.5, 4),
('165117_5_121765', 165117, 121765, 'Bench Press', 97.5, 5),
('165117_6_121765', 165117, 121765, 'Bench Press', 102.5, 6),
('165117_7_121765', 165117, 121765, 'Deadlift', -170, 7),
('165117_8_121765', 165117, 121765, 'Deadlift', 172.5, 8),
('165117_9_121765', 165117, 121765, 'Deadlift', -180, 9),
('167997_1_121765', 167997, 121765, 'Squat', -125, 1),
('167997_2_121765', 167997, 121765, 'Squat', 125, 2),
('167997_3_121765', 167997, 121765, 'Squat', 137.5, 3),
('167997_4_121765', 167997, 121765, 'Bench Press', 70, 4),
('167997_5_121765', 167997, 121765, 'Bench Press', 77.5, 5),
('167997_6_121765', 167997, 121765, 'Bench Press', 80, 6),
('167997_7_121765', 167997, 121765, 'Deadlift', 135, 7),
('167997_8_121765', 167997, 121765, 'Deadlift', 142.5, 8),
('167997_9_121765', 167997, 121765, 'Deadlift', 150, 9),
('153228_1_121765', 153228, 121765, 'Squat', 30, 1),
('153228_2_121765', 153228, 121765, 'Squat', 35, 2),
('153228_3_121765', 153228, 121765, 'Squat', 42.5, 3),
('153228_4_121765', 153228, 121765, 'Bench Press', 20, 4),
('153228_5_121765', 153228, 121765, 'Bench Press', 22.5, 5),
('153228_6_121765', 153228, 121765, 'Bench Press', 25, 6),
('153228_7_121765', 153228, 121765, 'Deadlift', 47.5, 7),
('153228_8_121765', 153228, 121765, 'Deadlift', 52.5, 8),
('153228_9_121765', 153228, 121765, 'Deadlift', 57.5, 9),
('156213_1_121765', 156213, 121765, 'Squat', 65, 1),
('156213_2_121765', 156213, 121765, 'Squat', 70, 2),
('156213_3_121765', 156213, 121765, 'Squat', 77.5, 3),
('156213_4_121765', 156213, 121765, 'Bench Press', 30, 4),
('156213_5_121765', 156213, 121765, 'Bench Press', 32.5, 5),
('156213_6_121765', 156213, 121765, 'Bench Press', -35, 6),
('156213_7_121765', 156213, 121765, 'Deadlift', 67.5, 7),
('156213_8_121765', 156213, 121765, 'Deadlift', 72.5, 8),
('156213_9_121765', 156213, 121765, 'Deadlift', 77.5, 9),
('161521_1_121765', 161521, 121765, 'Squat', 45, 1),
('161521_2_121765', 161521, 121765, 'Squat', -50, 2),
('161521_3_121765', 161521, 121765, 'Squat', 52.5, 3),
('161521_4_121765', 161521, 121765, 'Bench Press', 24, 4),
('161521_5_121765', 161521, 121765, 'Bench Press', 27.5, 5),
('161521_6_121765', 161521, 121765, 'Bench Press', -29, 6),
('161521_7_121765', 161521, 121765, 'Deadlift', -60, 7),
('161521_8_121765', 161521, 121765, 'Deadlift', 60, 8),
('161521_9_121765', 161521, 121765, 'Deadlift', 70, 9),
('63781_1_121762', 63781, 121762, 'Squat', 120, 1),
('63781_2_121762', 63781, 121762, 'Squat', 125, 2),
('63781_3_121762', 63781, 121762, 'Squat', -132.5, 3),
('63781_4_121762', 63781, 121762, 'Bench Press', 60, 4),
('63781_5_121762', 63781, 121762, 'Bench Press', 65, 5),
('63781_6_121762', 63781, 121762, 'Bench Press', -70, 6),
('63781_7_121762', 63781, 121762, 'Deadlift', 132.5, 7),
('63781_8_121762', 63781, 121762, 'Deadlift', 140, 8),
('63781_9_121762', 63781, 121762, 'Deadlift', 145, 9),
('167911_1_121762', 167911, 121762, 'Squat', 50, 1),
('167911_2_121762', 167911, 121762, 'Squat', -65, 2),
('167911_3_121762', 167911, 121762, 'Squat', -65, 3),
('167911_4_121762', 167911, 121762, 'Bench Press', 25, 4),
('167911_5_121762', 167911, 121762, 'Bench Press', 27.5, 5),
('167911_6_121762', 167911, 121762, 'Bench Press', 32.5, 6),
('167911_7_121762', 167911, 121762, 'Deadlift', 90, 7),
('167911_8_121762', 167911, 121762, 'Deadlift', 102.5, 8),
('167911_9_121762', 167911, 121762, 'Deadlift', 115, 9),
('167912_1_121762', 167912, 121762, 'Squat', 92.5, 1),
('167912_2_121762', 167912, 121762, 'Squat', 97.5, 2),
('167912_3_121762', 167912, 121762, 'Squat', 100, 3),
('167912_4_121762', 167912, 121762, 'Bench Press', 55, 4),
('167912_5_121762', 167912, 121762, 'Bench Press', 57.5, 5),
('167912_6_121762', 167912, 121762, 'Bench Press', 60, 6),
('167912_7_121762', 167912, 121762, 'Deadlift', 115, 7),
('167912_8_121762', 167912, 121762, 'Deadlift', -120, 8),
('167912_9_121762', 167912, 121762, 'Deadlift', 0, 9),
('167913_1_121762', 167913, 121762, 'Squat', 87.5, 1),
('167913_2_121762', 167913, 121762, 'Squat', -90, 2),
('167913_3_121762', 167913, 121762, 'Squat', 90, 3),
('167913_4_121762', 167913, 121762, 'Bench Press', -47.5, 4),
('167913_5_121762', 167913, 121762, 'Bench Press', -47.5, 5),
('167913_6_121762', 167913, 121762, 'Bench Press', -47.5, 6),
('167913_7_121762', 167913, 121762, 'Deadlift', 105, 7),
('167913_8_121762', 167913, 121762, 'Deadlift', 107.5, 8),
('167913_9_121762', 167913, 121762, 'Deadlift', 110, 9),
('167914_1_121762', 167914, 121762, 'Squat', 107.5, 1),
('167914_2_121762', 167914, 121762, 'Squat', 112.5, 2),
('167914_3_121762', 167914, 121762, 'Squat', 117.5, 3),
('167914_4_121762', 167914, 121762, 'Bench Press', 67.5, 4),
('167914_5_121762', 167914, 121762, 'Bench Press', -70, 5),
('167914_6_121762', 167914, 121762, 'Bench Press', -75, 6),
('167914_7_121762', 167914, 121762, 'Deadlift', 112.5, 7),
('167914_8_121762', 167914, 121762, 'Deadlift', 120, 8),
('167914_9_121762', 167914, 121762, 'Deadlift', 125, 9),
('167915_1_121762', 167915, 121762, 'Squat', 85, 1),
('167915_2_121762', 167915, 121762, 'Squat', -95, 2),
('167915_3_121762', 167915, 121762, 'Squat', 100, 3),
('167915_4_121762', 167915, 121762, 'Bench Press', 52.5, 4),
('167915_5_121762', 167915, 121762, 'Bench Press', 57.5, 5),
('167915_6_121762', 167915, 121762, 'Bench Press', 62.5, 6),
('167915_7_121762', 167915, 121762, 'Deadlift', 117.5, 7),
('167915_8_121762', 167915, 121762, 'Deadlift', 127.5, 8),
('167915_9_121762', 167915, 121762, 'Deadlift', 137.5, 9),
('167916_1_121762', 167916, 121762, 'Squat', 100, 1),
('167916_2_121762', 167916, 121762, 'Squat', 105, 2),
('167916_3_121762', 167916, 121762, 'Squat', -112.5, 3),
('167916_4_121762', 167916, 121762, 'Bench Press', -75, 4),
('167916_5_121762', 167916, 121762, 'Bench Press', -75, 5),
('167916_6_121762', 167916, 121762, 'Bench Press', -75, 6),
('167916_7_121762', 167916, 121762, 'Deadlift', -137.5, 7),
('167916_8_121762', 167916, 121762, 'Deadlift', -152.5, 8),
('167916_9_121762', 167916, 121762, 'Deadlift', 152.5, 9),
('167917_1_121762', 167917, 121762, 'Squat', 175, 1),
('167917_2_121762', 167917, 121762, 'Squat', 182.5, 2),
('167917_3_121762', 167917, 121762, 'Squat', 190, 3),
('167917_4_121762', 167917, 121762, 'Bench Press', 125, 4),
('167917_5_121762', 167917, 121762, 'Bench Press', 132.5, 5),
('167917_6_121762', 167917, 121762, 'Bench Press', 137.5, 6),
('167917_7_121762', 167917, 121762, 'Deadlift', 212.5, 7),
('167917_8_121762', 167917, 121762, 'Deadlift', 225, 8),
('167917_9_121762', 167917, 121762, 'Deadlift', 237.5, 9),
('167918_1_121762', 167918, 121762, 'Squat', 192.5, 1),
('167918_2_121762', 167918, 121762, 'Squat', 200, 2),
('167918_3_121762', 167918, 121762, 'Squat', -205, 3),
('167918_4_121762', 167918, 121762, 'Bench Press', 92.5, 4),
('167918_5_121762', 167918, 121762, 'Bench Press', 97.5, 5),
('167918_6_121762', 167918, 121762, 'Bench Press', -102.5, 6),
('167918_7_121762', 167918, 121762, 'Deadlift', 257.5, 7),
('167918_8_121762', 167918, 121762, 'Deadlift', 275, 8),
('167918_9_121762', 167918, 121762, 'Deadlift', -282.5, 9),
('140500_1_121762', 140500, 121762, 'Squat', 190, 1),
('140500_2_121762', 140500, 121762, 'Squat', 200, 2),
('140500_3_121762', 140500, 121762, 'Squat', 210, 3),
('140500_4_121762', 140500, 121762, 'Bench Press', 112.5, 4),
('140500_5_121762', 140500, 121762, 'Bench Press', 120, 5),
('140500_6_121762', 140500, 121762, 'Bench Press', 125, 6),
('140500_7_121762', 140500, 121762, 'Deadlift', 200, 7),
('140500_8_121762', 140500, 121762, 'Deadlift', 210, 8),
('140500_9_121762', 140500, 121762, 'Deadlift', -220, 9),
('161985_1_121762', 161985, 121762, 'Squat', 167.5, 1),
('161985_2_121762', 161985, 121762, 'Squat', 172.5, 2),
('161985_3_121762', 161985, 121762, 'Squat', 185, 3),
('161985_4_121762', 161985, 121762, 'Bench Press', 117.5, 4),
('161985_5_121762', 161985, 121762, 'Bench Press', 125, 5),
('161985_6_121762', 161985, 121762, 'Bench Press', 130, 6),
('161985_7_121762', 161985, 121762, 'Deadlift', 175, 7),
('161985_8_121762', 161985, 121762, 'Deadlift', 182.5, 8),
('161985_9_121762', 161985, 121762, 'Deadlift', 190, 9),
('161986_1_121762', 161986, 121762, 'Squat', 225, 1),
('161986_2_121762', 161986, 121762, 'Squat', 235, 2),
('161986_3_121762', 161986, 121762, 'Squat', 240, 3),
('161986_4_121762', 161986, 121762, 'Bench Press', 142.5, 4),
('161986_5_121762', 161986, 121762, 'Bench Press', 150, 5),
('161986_6_121762', 161986, 121762, 'Bench Press', -160, 6),
('161986_7_121762', 161986, 121762, 'Deadlift', 205, 7),
('161986_8_121762', 161986, 121762, 'Deadlift', 215, 8),
('161986_9_121762', 161986, 121762, 'Deadlift', 225, 9),
('167919_1_121762', 167919, 121762, 'Squat', 132.5, 1),
('167919_2_121762', 167919, 121762, 'Squat', -145, 2),
('167919_3_121762', 167919, 121762, 'Squat', -150, 3),
('167919_4_121762', 167919, 121762, 'Bench Press', 95, 4),
('167919_5_121762', 167919, 121762, 'Bench Press', 102.5, 5),
('167919_6_121762', 167919, 121762, 'Bench Press', 112.5, 6),
('167919_7_121762', 167919, 121762, 'Deadlift', 135, 7),
('167919_8_121762', 167919, 121762, 'Deadlift', 150, 8),
('167919_9_121762', 167919, 121762, 'Deadlift', 165, 9),
('167920_1_121762', 167920, 121762, 'Squat', 115, 1),
('167920_2_121762', 167920, 121762, 'Squat', 125, 2),
('167920_3_121762', 167920, 121762, 'Squat', 130, 3),
('167920_4_121762', 167920, 121762, 'Bench Press', 85, 4),
('167920_5_121762', 167920, 121762, 'Bench Press', 92.5, 5),
('167920_6_121762', 167920, 121762, 'Bench Press', 95, 6),
('167920_7_121762', 167920, 121762, 'Deadlift', 130, 7),
('167920_8_121762', 167920, 121762, 'Deadlift', 142.5, 8),
('167920_9_121762', 167920, 121762, 'Deadlift', 152.5, 9),
('161989_1_121762', 161989, 121762, 'Squat', 105, 1),
('161989_2_121762', 161989, 121762, 'Squat', 115, 2),
('161989_3_121762', 161989, 121762, 'Squat', 125, 3),
('161989_4_121762', 161989, 121762, 'Bench Press', 77.5, 4),
('161989_5_121762', 161989, 121762, 'Bench Press', 85, 5),
('161989_6_121762', 161989, 121762, 'Bench Press', 90, 6),
('161989_7_121762', 161989, 121762, 'Deadlift', 132.5, 7),
('161989_8_121762', 161989, 121762, 'Deadlift', 150, 8),
('161989_9_121762', 161989, 121762, 'Deadlift', 157.5, 9),
('167922_1_121762', 167922, 121762, 'Squat', 145, 1),
('167922_2_121762', 167922, 121762, 'Squat', -152.5, 2),
('167922_3_121762', 167922, 121762, 'Squat', -152.5, 3),
('167922_4_121762', 167922, 121762, 'Bench Press', 77.5, 4),
('167922_5_121762', 167922, 121762, 'Bench Press', 85, 5),
('167922_6_121762', 167922, 121762, 'Bench Press', 92.5, 6),
('167922_7_121762', 167922, 121762, 'Deadlift', 182.5, 7),
('167922_8_121762', 167922, 121762, 'Deadlift', 202.5, 8),
('167922_9_121762', 167922, 121762, 'Deadlift', 210, 9),
('126960_1_121762', 126960, 121762, 'Squat', 195, 1),
('126960_2_121762', 126960, 121762, 'Squat', 205, 2),
('126960_3_121762', 126960, 121762, 'Squat', 215, 3),
('126960_4_121762', 126960, 121762, 'Bench Press', 115, 4),
('126960_5_121762', 126960, 121762, 'Bench Press', 125, 5),
('126960_6_121762', 126960, 121762, 'Bench Press', 135, 6),
('126960_7_121762', 126960, 121762, 'Deadlift', 225, 7),
('126960_8_121762', 126960, 121762, 'Deadlift', 235, 8),
('126960_9_121762', 126960, 121762, 'Deadlift', 240, 9),
('167923_1_121762', 167923, 121762, 'Squat', 185, 1),
('167923_2_121762', 167923, 121762, 'Squat', 192.5, 2),
('167923_3_121762', 167923, 121762, 'Squat', 200, 3),
('167923_4_121762', 167923, 121762, 'Bench Press', 95, 4),
('167923_5_121762', 167923, 121762, 'Bench Press', 102.5, 5),
('167923_6_121762', 167923, 121762, 'Bench Press', -110, 6),
('167923_7_121762', 167923, 121762, 'Deadlift', 197.5, 7),
('167923_8_121762', 167923, 121762, 'Deadlift', 212.5, 8),
('167923_9_121762', 167923, 121762, 'Deadlift', 227.5, 9),
('149621_1_121762', 149621, 121762, 'Squat', 172.5, 1),
('149621_2_121762', 149621, 121762, 'Squat', 185, 2),
('149621_3_121762', 149621, 121762, 'Squat', 195, 3),
('149621_4_121762', 149621, 121762, 'Bench Press', 125, 4),
('149621_5_121762', 149621, 121762, 'Bench Press', 135, 5),
('149621_6_121762', 149621, 121762, 'Bench Press', 142.5, 6),
('149621_7_121762', 149621, 121762, 'Deadlift', 192.5, 7),
('149621_8_121762', 149621, 121762, 'Deadlift', 207.5, 8),
('149621_9_121762', 149621, 121762, 'Deadlift', -220, 9),
('167921_1_121762', 167921, 121762, 'Squat', 105, 1),
('167921_2_121762', 167921, 121762, 'Squat', 115, 2),
('167921_3_121762', 167921, 121762, 'Squat', 127.5, 3),
('167921_4_121762', 167921, 121762, 'Bench Press', 67.5, 4),
('167921_5_121762', 167921, 121762, 'Bench Press', 75, 5),
('167921_6_121762', 167921, 121762, 'Bench Press', 77.5, 6),
('167921_7_121762', 167921, 121762, 'Deadlift', 115, 7),
('167921_8_121762', 167921, 121762, 'Deadlift', 130, 8),
('167921_9_121762', 167921, 121762, 'Deadlift', 150, 9),
('167924_1_121762', 167924, 121762, 'Squat', 210, 1),
('167924_2_121762', 167924, 121762, 'Squat', -220, 2),
('167924_3_121762', 167924, 121762, 'Squat', -227.5, 3),
('167924_4_121762', 167924, 121762, 'Bench Press', 140, 4),
('167924_5_121762', 167924, 121762, 'Bench Press', -150, 5),
('167924_6_121762', 167924, 121762, 'Bench Press', -150, 6),
('167924_7_121762', 167924, 121762, 'Deadlift', 215, 7),
('167924_8_121762', 167924, 121762, 'Deadlift', 227.5, 8),
('167924_9_121762', 167924, 121762, 'Deadlift', 232.5, 9),
('167925_1_121762', 167925, 121762, 'Squat', 150, 1),
('167925_2_121762', 167925, 121762, 'Squat', 162.5, 2),
('167925_3_121762', 167925, 121762, 'Squat', 170, 3),
('167925_4_121762', 167925, 121762, 'Bench Press', 102.5, 4),
('167925_5_121762', 167925, 121762, 'Bench Press', 107.5, 5),
('167925_6_121762', 167925, 121762, 'Bench Press', 112.5, 6),
('167925_7_121762', 167925, 121762, 'Deadlift', 182.5, 7),
('167925_8_121762', 167925, 121762, 'Deadlift', 200, 8),
('167925_9_121762', 167925, 121762, 'Deadlift', 210, 9),
('167927_1_121762', 167927, 121762, 'Squat', 200, 1),
('167927_2_121762', 167927, 121762, 'Squat', 215, 2),
('167927_3_121762', 167927, 121762, 'Squat', -225, 3),
('167927_4_121762', 167927, 121762, 'Bench Press', 110, 4),
('167927_5_121762', 167927, 121762, 'Bench Press', 130, 5),
('167927_6_121762', 167927, 121762, 'Bench Press', -147.5, 6),
('167927_7_121762', 167927, 121762, 'Deadlift', 205, 7),
('167927_8_121762', 167927, 121762, 'Deadlift', -220, 8),
('167927_9_121762', 167927, 121762, 'Deadlift', 220, 9),
('167926_1_121762', 167926, 121762, 'Squat', -200, 1),
('167926_2_121762', 167926, 121762, 'Squat', 210, 2),
('167926_3_121762', 167926, 121762, 'Squat', -220, 3),
('167926_4_121762', 167926, 121762, 'Bench Press', 120, 4),
('167926_5_121762', 167926, 121762, 'Bench Press', 125, 5),
('167926_6_121762', 167926, 121762, 'Bench Press', -127.5, 6),
('167926_7_121762', 167926, 121762, 'Deadlift', 190, 7),
('167926_8_121762', 167926, 121762, 'Deadlift', 202.5, 8),
('167926_9_121762', 167926, 121762, 'Deadlift', 212.5, 9),
('144194_1_121762', 144194, 121762, 'Squat', 120, 1),
('144194_2_121762', 144194, 121762, 'Squat', 127.5, 2),
('144194_3_121762', 144194, 121762, 'Squat', -132.5, 3),
('144194_4_121762', 144194, 121762, 'Bench Press', 87.5, 4),
('144194_5_121762', 144194, 121762, 'Bench Press', 92.5, 5),
('144194_6_121762', 144194, 121762, 'Bench Press', -97.5, 6),
('144194_7_121762', 144194, 121762, 'Deadlift', 205, 7),
('144194_8_121762', 144194, 121762, 'Deadlift', -215, 8),
('144194_9_121762', 144194, 121762, 'Deadlift', 215, 9),
('167928_1_121762', 167928, 121762, 'Squat', 205, 1),
('167928_2_121762', 167928, 121762, 'Squat', 215, 2),
('167928_3_121762', 167928, 121762, 'Squat', 227.5, 3),
('167928_4_121762', 167928, 121762, 'Bench Press', -107.5, 4),
('167928_5_121762', 167928, 121762, 'Bench Press', 107.5, 5),
('167928_6_121762', 167928, 121762, 'Bench Press', 115, 6),
('167928_7_121762', 167928, 121762, 'Deadlift', 210, 7),
('167928_8_121762', 167928, 121762, 'Deadlift', 222.5, 8),
('167928_9_121762', 167928, 121762, 'Deadlift', -232.5, 9),
('167929_1_121762', 167929, 121762, 'Squat', 180, 1),
('167929_2_121762', 167929, 121762, 'Squat', 195, 2),
('167929_3_121762', 167929, 121762, 'Squat', 200, 3),
('167929_4_121762', 167929, 121762, 'Bench Press', 110, 4),
('167929_5_121762', 167929, 121762, 'Bench Press', 117.5, 5),
('167929_6_121762', 167929, 121762, 'Bench Press', -125, 6),
('167929_7_121762', 167929, 121762, 'Deadlift', 215, 7),
('167929_8_121762', 167929, 121762, 'Deadlift', 230, 8),
('167929_9_121762', 167929, 121762, 'Deadlift', -235, 9),
('167930_1_121762', 167930, 121762, 'Squat', 142.5, 1),
('167930_2_121762', 167930, 121762, 'Squat', 150, 2),
('167930_3_121762', 167930, 121762, 'Squat', 160, 3),
('167930_4_121762', 167930, 121762, 'Bench Press', 92.5, 4),
('167930_5_121762', 167930, 121762, 'Bench Press', 97.5, 5),
('167930_6_121762', 167930, 121762, 'Bench Press', 105, 6),
('167930_7_121762', 167930, 121762, 'Deadlift', 180, 7),
('167930_8_121762', 167930, 121762, 'Deadlift', 182.5, 8),
('167930_9_121762', 167930, 121762, 'Deadlift', -190, 9),
('158745_1_121762', 158745, 121762, 'Squat', 185, 1),
('158745_2_121762', 158745, 121762, 'Squat', 195, 2),
('158745_3_121762', 158745, 121762, 'Squat', -202.5, 3),
('158745_4_121762', 158745, 121762, 'Bench Press', 97.5, 4),
('158745_5_121762', 158745, 121762, 'Bench Press', 102.5, 5),
('158745_6_121762', 158745, 121762, 'Bench Press', -110, 6),
('158745_7_121762', 158745, 121762, 'Deadlift', 220, 7),
('158745_8_121762', 158745, 121762, 'Deadlift', 230, 8),
('158745_9_121762', 158745, 121762, 'Deadlift', -240, 9),
('167756_1_121754', 167756, 121754, 'Squat', 57.5, 1),
('167756_2_121754', 167756, 121754, 'Squat', 62.5, 2),
('167756_3_121754', 167756, 121754, 'Squat', 65, 3),
('167756_4_121754', 167756, 121754, 'Bench Press', 27.5, 4),
('167756_5_121754', 167756, 121754, 'Bench Press', 30, 5),
('167756_6_121754', 167756, 121754, 'Bench Press', 35, 6),
('167756_7_121754', 167756, 121754, 'Deadlift', 77.5, 7),
('167756_8_121754', 167756, 121754, 'Deadlift', 82.5, 8),
('167756_9_121754', 167756, 121754, 'Deadlift', 85, 9),
('167757_1_121754', 167757, 121754, 'Squat', 55, 1),
('167757_2_121754', 167757, 121754, 'Squat', 60, 2),
('167757_3_121754', 167757, 121754, 'Squat', 65, 3),
('167757_4_121754', 167757, 121754, 'Bench Press', 30, 4),
('167757_5_121754', 167757, 121754, 'Bench Press', 35, 5),
('167757_6_121754', 167757, 121754, 'Bench Press', 37.5, 6),
('167757_7_121754', 167757, 121754, 'Deadlift', 67.5, 7),
('167757_8_121754', 167757, 121754, 'Deadlift', 70, 8),
('167757_9_121754', 167757, 121754, 'Deadlift', 72.5, 9),
('167758_1_121754', 167758, 121754, 'Squat', 77.5, 1),
('167758_2_121754', 167758, 121754, 'Squat', 82.5, 2),
('167758_3_121754', 167758, 121754, 'Squat', -87.5, 3),
('167758_4_121754', 167758, 121754, 'Bench Press', 37.5, 4),
('167758_5_121754', 167758, 121754, 'Bench Press', 42.5, 5),
('167758_6_121754', 167758, 121754, 'Bench Press', 50, 6),
('167758_7_121754', 167758, 121754, 'Deadlift', 82.5, 7),
('167758_8_121754', 167758, 121754, 'Deadlift', 87.5, 8),
('167758_9_121754', 167758, 121754, 'Deadlift', 95, 9),
('166345_1_121754', 166345, 121754, 'Squat', 145, 1),
('166345_2_121754', 166345, 121754, 'Squat', 152.5, 2),
('166345_3_121754', 166345, 121754, 'Squat', -155, 3),
('166345_4_121754', 166345, 121754, 'Bench Press', 70, 4),
('166345_5_121754', 166345, 121754, 'Bench Press', 75, 5),
('166345_6_121754', 166345, 121754, 'Bench Press', -77.5, 6),
('166345_7_121754', 166345, 121754, 'Deadlift', 147.5, 7),
('166345_8_121754', 166345, 121754, 'Deadlift', 162.5, 8),
('166345_9_121754', 166345, 121754, 'Deadlift', 170, 9),
('167759_1_121754', 167759, 121754, 'Squat', -122.5, 1),
('167759_2_121754', 167759, 121754, 'Squat', -122.5, 2),
('167759_3_121754', 167759, 121754, 'Squat', 132.5, 3),
('167759_4_121754', 167759, 121754, 'Bench Press', 65, 4),
('167759_5_121754', 167759, 121754, 'Bench Press', 70, 5),
('167759_6_121754', 167759, 121754, 'Bench Press', -72.5, 6),
('167759_7_121754', 167759, 121754, 'Deadlift', 127.5, 7),
('167759_8_121754', 167759, 121754, 'Deadlift', 137.5, 8),
('167759_9_121754', 167759, 121754, 'Deadlift', -145, 9),
('167760_1_121754', 167760, 121754, 'Squat', 90, 1),
('167760_2_121754', 167760, 121754, 'Squat', 105, 2),
('167760_3_121754', 167760, 121754, 'Squat', 115, 3),
('167760_4_121754', 167760, 121754, 'Bench Press', 42.5, 4),
('167760_5_121754', 167760, 121754, 'Bench Press', 50, 5),
('167760_6_121754', 167760, 121754, 'Bench Press', 60, 6),
('167760_7_121754', 167760, 121754, 'Deadlift', -100, 7),
('167760_8_121754', 167760, 121754, 'Deadlift', 115, 8),
('167760_9_121754', 167760, 121754, 'Deadlift', 125, 9),
('143456_1_121754', 143456, 121754, 'Squat', 165, 1),
('143456_2_121754', 143456, 121754, 'Squat', 177.5, 2),
('143456_3_121754', 143456, 121754, 'Squat', 185, 3),
('143456_4_121754', 143456, 121754, 'Bench Press', 77.5, 4),
('143456_5_121754', 143456, 121754, 'Bench Press', 85, 5),
('143456_6_121754', 143456, 121754, 'Bench Press', 92.5, 6),
('143456_7_121754', 143456, 121754, 'Deadlift', 140, 7),
('143456_8_121754', 143456, 121754, 'Deadlift', 150, 8),
('143456_9_121754', 143456, 121754, 'Deadlift', 160, 9),
('167761_1_121754', 167761, 121754, 'Squat', 142.5, 1),
('167761_2_121754', 167761, 121754, 'Squat', 152.5, 2),
('167761_3_121754', 167761, 121754, 'Squat', 160, 3),
('167761_4_121754', 167761, 121754, 'Bench Press', 122.5, 4),
('167761_5_121754', 167761, 121754, 'Bench Press', 130, 5),
('167761_6_121754', 167761, 121754, 'Bench Press', 137.5, 6),
('167761_7_121754', 167761, 121754, 'Deadlift', 185, 7),
('167761_8_121754', 167761, 121754, 'Deadlift', 197.5, 8),
('167761_9_121754', 167761, 121754, 'Deadlift', 205, 9),
('156641_1_121754', 156641, 121754, 'Squat', 180, 1),
('156641_2_121754', 156641, 121754, 'Squat', 202.5, 2),
('156641_3_121754', 156641, 121754, 'Squat', 212.5, 3),
('156641_4_121754', 156641, 121754, 'Bench Press', 115, 4),
('156641_5_121754', 156641, 121754, 'Bench Press', 125, 5),
('156641_6_121754', 156641, 121754, 'Bench Press', 132.5, 6),
('156641_7_121754', 156641, 121754, 'Deadlift', 220, 7),
('156641_8_121754', 156641, 121754, 'Deadlift', 235, 8),
('156641_9_121754', 156641, 121754, 'Deadlift', -247.5, 9),
('131391_1_121754', 131391, 121754, 'Squat', 202.5, 1),
('131391_2_121754', 131391, 121754, 'Squat', -215, 2),
('131391_3_121754', 131391, 121754, 'Squat', -215, 3),
('131391_4_121754', 131391, 121754, 'Bench Press', 117.5, 4),
('131391_5_121754', 131391, 121754, 'Bench Press', 125, 5),
('131391_6_121754', 131391, 121754, 'Bench Press', -130, 6),
('131391_7_121754', 131391, 121754, 'Deadlift', 217.5, 7),
('131391_8_121754', 131391, 121754, 'Deadlift', 232.5, 8),
('131391_9_121754', 131391, 121754, 'Deadlift', -240, 9),
('145943_1_121754', 145943, 121754, 'Squat', 190, 1),
('145943_2_121754', 145943, 121754, 'Squat', 205, 2),
('145943_3_121754', 145943, 121754, 'Squat', 215, 3),
('145943_4_121754', 145943, 121754, 'Bench Press', 110, 4),
('145943_5_121754', 145943, 121754, 'Bench Press', 117.5, 5),
('145943_6_121754', 145943, 121754, 'Bench Press', -122.5, 6),
('145943_7_121754', 145943, 121754, 'Deadlift', 202.5, 7),
('145943_8_121754', 145943, 121754, 'Deadlift', 220, 8),
('145943_9_121754', 145943, 121754, 'Deadlift', 230, 9),
('167764_1_121754', 167764, 121754, 'Squat', 175, 1),
('167764_2_121754', 167764, 121754, 'Squat', 195, 2),
('167764_3_121754', 167764, 121754, 'Squat', 207.5, 3),
('167764_4_121754', 167764, 121754, 'Bench Press', 97.5, 4),
('167764_5_121754', 167764, 121754, 'Bench Press', 107.5, 5),
('167764_6_121754', 167764, 121754, 'Bench Press', -115, 6),
('167764_7_121754', 167764, 121754, 'Deadlift', 215, 7),
('167764_8_121754', 167764, 121754, 'Deadlift', -230, 8),
('167764_9_121754', 167764, 121754, 'Deadlift', 245, 9),
('167765_1_121754', 167765, 121754, 'Squat', 217.5, 1),
('167765_2_121754', 167765, 121754, 'Squat', -230, 2),
('167765_3_121754', 167765, 121754, 'Squat', 230, 3),
('167765_4_121754', 167765, 121754, 'Bench Press', 135, 4),
('167765_5_121754', 167765, 121754, 'Bench Press', 145, 5),
('167765_6_121754', 167765, 121754, 'Bench Press', 152.5, 6),
('167765_7_121754', 167765, 121754, 'Deadlift', 230, 7),
('167765_8_121754', 167765, 121754, 'Deadlift', 245, 8),
('167765_9_121754', 167765, 121754, 'Deadlift', -255, 9),
('167766_1_121754', 167766, 121754, 'Squat', -192.5, 1),
('167766_2_121754', 167766, 121754, 'Squat', 197.5, 2),
('167766_3_121754', 167766, 121754, 'Squat', 205, 3),
('167766_4_121754', 167766, 121754, 'Bench Press', 115, 4),
('167766_5_121754', 167766, 121754, 'Bench Press', 120, 5),
('167766_6_121754', 167766, 121754, 'Bench Press', 125, 6),
('167766_7_121754', 167766, 121754, 'Deadlift', 207.5, 7),
('167766_8_121754', 167766, 121754, 'Deadlift', 215, 8),
('167766_9_121754', 167766, 121754, 'Deadlift', -222.5, 9),
('167762_1_121754', 167762, 121754, 'Squat', 145, 1),
('167762_2_121754', 167762, 121754, 'Squat', 160, 2),
('167762_3_121754', 167762, 121754, 'Squat', 170, 3),
('167762_4_121754', 167762, 121754, 'Bench Press', 102.5, 4),
('167762_5_121754', 167762, 121754, 'Bench Press', 105, 5),
('167762_6_121754', 167762, 121754, 'Bench Press', 0, 6),
('167762_7_121754', 167762, 121754, 'Deadlift', 150, 7),
('167762_8_121754', 167762, 121754, 'Deadlift', 162.5, 8),
('167762_9_121754', 167762, 121754, 'Deadlift', 167.5, 9),
('155219_1_121754', 155219, 121754, 'Squat', 187.5, 1),
('155219_2_121754', 155219, 121754, 'Squat', 197.5, 2),
('155219_3_121754', 155219, 121754, 'Squat', 202.5, 3),
('155219_4_121754', 155219, 121754, 'Bench Press', 132.5, 4),
('155219_5_121754', 155219, 121754, 'Bench Press', 140, 5),
('155219_6_121754', 155219, 121754, 'Bench Press', -145, 6),
('155219_7_121754', 155219, 121754, 'Deadlift', 217.5, 7),
('155219_8_121754', 155219, 121754, 'Deadlift', 230, 8),
('155219_9_121754', 155219, 121754, 'Deadlift', 240, 9),
('167763_1_121754', 167763, 121754, 'Squat', 185, 1),
('167763_2_121754', 167763, 121754, 'Squat', 195, 2),
('167763_3_121754', 167763, 121754, 'Squat', 200, 3),
('167763_4_121754', 167763, 121754, 'Bench Press', 120, 4),
('167763_5_121754', 167763, 121754, 'Bench Press', 130, 5),
('167763_6_121754', 167763, 121754, 'Bench Press', 137.5, 6),
('167763_7_121754', 167763, 121754, 'Deadlift', 205, 7),
('167763_8_121754', 167763, 121754, 'Deadlift', 220, 8),
('167763_9_121754', 167763, 121754, 'Deadlift', 232.5, 9),
('161200_1_121754', 161200, 121754, 'Squat', 185, 1),
('161200_2_121754', 161200, 121754, 'Squat', -187.5, 2),
('161200_3_121754', 161200, 121754, 'Squat', 202.5, 3),
('161200_4_121754', 161200, 121754, 'Bench Press', 107.5, 4),
('161200_5_121754', 161200, 121754, 'Bench Press', 115, 5),
('161200_6_121754', 161200, 121754, 'Bench Press', -120, 6),
('161200_7_121754', 161200, 121754, 'Deadlift', 200, 7),
('161200_8_121754', 161200, 121754, 'Deadlift', 212.5, 8),
('161200_9_121754', 161200, 121754, 'Deadlift', 222.5, 9),
('167769_1_121754', 167769, 121754, 'Squat', -150, 1),
('167769_2_121754', 167769, 121754, 'Squat', 160, 2),
('167769_3_121754', 167769, 121754, 'Squat', 182.5, 3),
('167769_4_121754', 167769, 121754, 'Bench Press', 115, 4),
('167769_5_121754', 167769, 121754, 'Bench Press', 125, 5),
('167769_6_121754', 167769, 121754, 'Bench Press', -135, 6),
('167769_7_121754', 167769, 121754, 'Deadlift', 190, 7),
('167769_8_121754', 167769, 121754, 'Deadlift', 205, 8),
('167769_9_121754', 167769, 121754, 'Deadlift', 215, 9),
('165005_1_121754', 165005, 121754, 'Squat', 235, 1),
('165005_2_121754', 165005, 121754, 'Squat', 245, 2),
('165005_3_121754', 165005, 121754, 'Squat', 0, 3),
('165005_4_121754', 165005, 121754, 'Bench Press', 160, 4),
('165005_5_121754', 165005, 121754, 'Bench Press', 175, 5),
('165005_6_121754', 165005, 121754, 'Bench Press', -182.5, 6),
('165005_7_121754', 165005, 121754, 'Deadlift', 292.5, 7),
('165005_8_121754', 165005, 121754, 'Deadlift', 312.5, 8),
('165005_9_121754', 165005, 121754, 'Deadlift', -320, 9),
('167770_1_121754', 167770, 121754, 'Squat', 245, 1),
('167770_2_121754', 167770, 121754, 'Squat', 260, 2),
('167770_3_121754', 167770, 121754, 'Squat', -270, 3),
('167770_4_121754', 167770, 121754, 'Bench Press', 155, 4),
('167770_5_121754', 167770, 121754, 'Bench Press', -160, 5),
('167770_6_121754', 167770, 121754, 'Bench Press', 160, 6),
('167770_7_121754', 167770, 121754, 'Deadlift', 265, 7),
('167770_8_121754', 167770, 121754, 'Deadlift', 277.5, 8),
('167770_9_121754', 167770, 121754, 'Deadlift', 287.5, 9),
('141390_1_121754', 141390, 121754, 'Squat', 225, 1),
('141390_2_121754', 141390, 121754, 'Squat', 245, 2),
('141390_3_121754', 141390, 121754, 'Squat', 255, 3),
('141390_4_121754', 141390, 121754, 'Bench Press', 140, 4),
('141390_5_121754', 141390, 121754, 'Bench Press', 147.5, 5),
('141390_6_121754', 141390, 121754, 'Bench Press', 152.5, 6),
('141390_7_121754', 141390, 121754, 'Deadlift', 250, 7),
('141390_8_121754', 141390, 121754, 'Deadlift', 265, 8),
('141390_9_121754', 141390, 121754, 'Deadlift', 275, 9),
('123245_1_121754', 123245, 121754, 'Squat', 205, 1),
('123245_2_121754', 123245, 121754, 'Squat', 220, 2),
('123245_3_121754', 123245, 121754, 'Squat', 225, 3),
('123245_4_121754', 123245, 121754, 'Bench Press', 155, 4),
('123245_5_121754', 123245, 121754, 'Bench Press', 165, 5),
('123245_6_121754', 123245, 121754, 'Bench Press', -170, 6),
('123245_7_121754', 123245, 121754, 'Deadlift', 210, 7),
('123245_8_121754', 123245, 121754, 'Deadlift', 225, 8),
('123245_9_121754', 123245, 121754, 'Deadlift', 235, 9),
('156660_1_121754', 156660, 121754, 'Squat', 197.5, 1),
('156660_2_121754', 156660, 121754, 'Squat', 210, 2),
('156660_3_121754', 156660, 121754, 'Squat', 217.5, 3),
('156660_4_121754', 156660, 121754, 'Bench Press', 120, 4),
('156660_5_121754', 156660, 121754, 'Bench Press', 127.5, 5),
('156660_6_121754', 156660, 121754, 'Bench Press', 132.5, 6),
('156660_7_121754', 156660, 121754, 'Deadlift', 217.5, 7),
('156660_8_121754', 156660, 121754, 'Deadlift', 235, 8),
('156660_9_121754', 156660, 121754, 'Deadlift', -245, 9),
('167771_1_121754', 167771, 121754, 'Squat', 150, 1),
('167771_2_121754', 167771, 121754, 'Squat', 162.5, 2),
('167771_3_121754', 167771, 121754, 'Squat', -172.5, 3),
('167771_4_121754', 167771, 121754, 'Bench Press', 117.5, 4),
('167771_5_121754', 167771, 121754, 'Bench Press', 122.5, 5),
('167771_6_121754', 167771, 121754, 'Bench Press', 125, 6),
('167771_7_121754', 167771, 121754, 'Deadlift', 192.5, 7),
('167771_8_121754', 167771, 121754, 'Deadlift', 205, 8),
('167771_9_121754', 167771, 121754, 'Deadlift', 210, 9),
('143876_1_121754', 143876, 121754, 'Squat', -135, 1),
('143876_2_121754', 143876, 121754, 'Squat', 145, 2),
('143876_3_121754', 143876, 121754, 'Squat', 157.5, 3),
('143876_4_121754', 143876, 121754, 'Bench Press', -97.5, 4),
('143876_5_121754', 143876, 121754, 'Bench Press', 105, 5),
('143876_6_121754', 143876, 121754, 'Bench Press', 115, 6),
('143876_7_121754', 143876, 121754, 'Deadlift', 190, 7),
('143876_8_121754', 143876, 121754, 'Deadlift', 202.5, 8),
('143876_9_121754', 143876, 121754, 'Deadlift', 217.5, 9),
('159687_1_121754', 159687, 121754, 'Squat', 190, 1),
('159687_2_121754', 159687, 121754, 'Squat', 207.5, 2),
('159687_3_121754', 159687, 121754, 'Squat', 215, 3),
('159687_4_121754', 159687, 121754, 'Bench Press', 100, 4),
('159687_5_121754', 159687, 121754, 'Bench Press', 110, 5),
('159687_6_121754', 159687, 121754, 'Bench Press', -120, 6),
('159687_7_121754', 159687, 121754, 'Deadlift', 185, 7),
('159687_8_121754', 159687, 121754, 'Deadlift', 190, 8),
('159687_9_121754', 159687, 121754, 'Deadlift', 195, 9),
('167772_1_121754', 167772, 121754, 'Squat', 195, 1),
('167772_2_121754', 167772, 121754, 'Squat', 202.5, 2),
('167772_3_121754', 167772, 121754, 'Squat', 212.5, 3),
('167772_4_121754', 167772, 121754, 'Bench Press', 130, 4),
('167772_5_121754', 167772, 121754, 'Bench Press', 137.5, 5),
('167772_6_121754', 167772, 121754, 'Bench Press', 142.5, 6),
('167772_7_121754', 167772, 121754, 'Deadlift', 205, 7),
('167772_8_121754', 167772, 121754, 'Deadlift', 215, 8),
('167772_9_121754', 167772, 121754, 'Deadlift', 220, 9),
('167773_1_121754', 167773, 121754, 'Squat', 185, 1),
('167773_2_121754', 167773, 121754, 'Squat', 192.5, 2),
('167773_3_121754', 167773, 121754, 'Squat', 207.5, 3),
('167773_4_121754', 167773, 121754, 'Bench Press', 142.5, 4),
('167773_5_121754', 167773, 121754, 'Bench Press', 150, 5),
('167773_6_121754', 167773, 121754, 'Bench Press', 152.5, 6),
('167773_7_121754', 167773, 121754, 'Deadlift', 197.5, 7),
('167773_8_121754', 167773, 121754, 'Deadlift', -207.5, 8),
('167773_9_121754', 167773, 121754, 'Deadlift', 207.5, 9),
('167774_1_121754', 167774, 121754, 'Squat', 220, 1),
('167774_2_121754', 167774, 121754, 'Squat', 240, 2),
('167774_3_121754', 167774, 121754, 'Squat', 260, 3),
('167774_4_121754', 167774, 121754, 'Bench Press', 175, 4),
('167774_5_121754', 167774, 121754, 'Bench Press', 185, 5),
('167774_6_121754', 167774, 121754, 'Bench Press', -190, 6),
('167774_7_121754', 167774, 121754, 'Deadlift', 220, 7),
('167774_8_121754', 167774, 121754, 'Deadlift', 245, 8),
('167774_9_121754', 167774, 121754, 'Deadlift', 260, 9),
('29234_1_121754', 29234, 121754, 'Squat', 292.5, 1),
('29234_2_121754', 29234, 121754, 'Squat', -310, 2),
('29234_3_121754', 29234, 121754, 'Squat', 0, 3),
('29234_4_121754', 29234, 121754, 'Bench Press', 225, 4),
('29234_5_121754', 29234, 121754, 'Bench Press', -232.5, 5),
('29234_6_121754', 29234, 121754, 'Bench Press', -232.5, 6),
('29234_7_121754', 29234, 121754, 'Deadlift', 305, 7),
('29234_8_121754', 29234, 121754, 'Deadlift', 325, 8),
('29234_9_121754', 29234, 121754, 'Deadlift', -345, 9),
('163091_1_121754', 163091, 121754, 'Squat', 150, 1),
('163091_2_121754', 163091, 121754, 'Squat', 165, 2),
('163091_3_121754', 163091, 121754, 'Squat', 177.5, 3),
('163091_4_121754', 163091, 121754, 'Bench Press', 100, 4),
('163091_5_121754', 163091, 121754, 'Bench Press', 110, 5),
('163091_6_121754', 163091, 121754, 'Bench Press', -115, 6),
('163091_7_121754', 163091, 121754, 'Deadlift', 220, 7),
('163091_8_121754', 163091, 121754, 'Deadlift', 235, 8),
('163091_9_121754', 163091, 121754, 'Deadlift', 240, 9),
('146081_1_121754', 146081, 121754, 'Squat', 160, 1),
('146081_2_121754', 146081, 121754, 'Squat', 170, 2),
('146081_3_121754', 146081, 121754, 'Squat', 180, 3),
('146081_4_121754', 146081, 121754, 'Bench Press', 100, 4),
('146081_5_121754', 146081, 121754, 'Bench Press', 107.5, 5),
('146081_6_121754', 146081, 121754, 'Bench Press', 115, 6),
('146081_7_121754', 146081, 121754, 'Deadlift', 200, 7),
('146081_8_121754', 146081, 121754, 'Deadlift', 212.5, 8),
('146081_9_121754', 146081, 121754, 'Deadlift', 222.5, 9),
('167767_1_121754', 167767, 121754, 'Squat', 112.5, 1),
('167767_2_121754', 167767, 121754, 'Squat', 120, 2),
('167767_3_121754', 167767, 121754, 'Squat', 125, 3),
('167767_4_121754', 167767, 121754, 'Bench Press', 85, 4),
('167767_5_121754', 167767, 121754, 'Bench Press', 87.5, 5),
('167767_6_121754', 167767, 121754, 'Bench Press', 90, 6),
('167767_7_121754', 167767, 121754, 'Deadlift', 157.5, 7),
('167767_8_121754', 167767, 121754, 'Deadlift', 167.5, 8),
('167767_9_121754', 167767, 121754, 'Deadlift', 175, 9),
('167768_1_121754', 167768, 121754, 'Squat', 105, 1),
('167768_2_121754', 167768, 121754, 'Squat', 117.5, 2),
('167768_3_121754', 167768, 121754, 'Squat', 125, 3),
('167768_4_121754', 167768, 121754, 'Bench Press', 72.5, 4),
('167768_5_121754', 167768, 121754, 'Bench Press', 77.5, 5),
('167768_6_121754', 167768, 121754, 'Bench Press', 85, 6),
('167768_7_121754', 167768, 121754, 'Deadlift', 115, 7),
('167768_8_121754', 167768, 121754, 'Deadlift', 125, 8),
('167768_9_121754', 167768, 121754, 'Deadlift', 132.5, 9),
('167775_1_121754', 167775, 121754, 'Squat', 175, 1),
('167775_2_121754', 167775, 121754, 'Squat', 190, 2),
('167775_3_121754', 167775, 121754, 'Squat', 197.5, 3),
('167775_4_121754', 167775, 121754, 'Bench Press', 82.5, 4),
('167775_5_121754', 167775, 121754, 'Bench Press', 95, 5),
('167775_6_121754', 167775, 121754, 'Bench Press', -100, 6),
('167775_7_121754', 167775, 121754, 'Deadlift', 192.5, 7),
('167775_8_121754', 167775, 121754, 'Deadlift', 212.5, 8),
('167775_9_121754', 167775, 121754, 'Deadlift', 227.5, 9),
('167776_1_121754', 167776, 121754, 'Squat', 177.5, 1),
('167776_2_121754', 167776, 121754, 'Squat', 182.5, 2),
('167776_3_121754', 167776, 121754, 'Squat', -190, 3),
('167776_4_121754', 167776, 121754, 'Bench Press', 102.5, 4),
('167776_5_121754', 167776, 121754, 'Bench Press', 107.5, 5),
('167776_6_121754', 167776, 121754, 'Bench Press', 112.5, 6),
('167776_7_121754', 167776, 121754, 'Deadlift', 207.5, 7),
('167776_8_121754', 167776, 121754, 'Deadlift', -210, 8),
('167776_9_121754', 167776, 121754, 'Deadlift', -210, 9);
COMMIT;
